buyer_id,sector_id,buyer_name,sector_name,price_dev_median,price_dev_p25,price_dev_p75,price_dev_n,single_bidder_rate,single_bidder_n,total_with_bids,no_bid_data_count,non_open_share,non_open_count,total_tenders,bunching_25L,bunching_1Cr,bunching_10Cr,bunching_composite,bunching_n,stickiness_top3,total_award_value,n_suppliers,top3_value,pctile_price_dev,pctile_single_bidder,pctile_non_open,pctile_bunching,pctile_stickiness,composite_equal,composite_pricedev2x,composite_singlebid2x
1,5,ASSAM CANCER CARE FOUNDATION,health,,-0.21623194,1.26125602,2.0,0.11764705882352941,2.0,17.0,5.0,0.0,0.0,22.0,0.0,0.0,0.0,0.0,11.0,0.9607217707662911,94313401.4,7.0,90608938.0,,100.0,46.15384615384615,38.88888888888889,70.0,63.76068376068376,,
1,9,ASSAM CANCER CARE FOUNDATION,vehicles,,,,,,0.0,3.0,0.0,0.0,0.0,3.0,0.0,0.0,0.0,0.0,1.0,1.0,1561032.0,3.0,1561032.0,,,48.275862068965516,44.73684210526316,65.38461538461539,52.79910651961469,,
2,1,Animal Husbandry and Veterinary Department,roads,,,,,,0.0,2.0,0.0,0.0,0.0,2.0,0.0,0.0,0.0,0.0,2.0,,,,,,,46.875,35.0,,40.9375,,
2,3,Animal Husbandry and Veterinary Department,buildings,-0.22906886642089924,-0.28582319864053213,-0.18653325608342988,6.0,0.08333333333333333,1.0,12.0,2.0,0.0,0.0,14.0,0.07142857142857142,0.0,0.0,0.023809523809523808,14.0,0.8006377995390348,37855220.21,4.0,30308320.21,10.0,76.0,46.73913043478261,90.0,39.285714285714285,52.40496894409938,45.33747412008282,56.33747412008282
2,4,Animal Husbandry and Veterinary Department,schools,,-0.17294241708599553,-0.17294241708599553,1.0,,0.0,1.0,0.0,0.0,0.0,1.0,0.0,0.0,0.0,0.0,1.0,1.0,4862631.3,1.0,4862631.3,,,45.714285714285715,42.42424242424242,73.21428571428571,53.78427128427128,,
2,6,Animal Husbandry and Veterinary Department,water_sanitation,,-0.2566776901551768,-0.2566776901551768,1.0,,0.0,1.0,0.0,0.0,0.0,1.0,0.0,0.0,0.0,0.0,1.0,1.0,2922000.0,1.0,2922000.0,,,44.11764705882353,37.93103448275862,76.08695652173914,52.71187935444042,,
2,7,Animal Husbandry and Veterinary Department,electricity_power,,,,,,0.0,0.0,2.0,0.0,0.0,2.0,,,,,,,,,,,,44.827586206896555,,,44.827586206896555,,
2,9,Animal Husbandry and Veterinary Department,vehicles,,,,,,0.0,1.0,0.0,0.0,0.0,1.0,,,,,,1.0,351247999.0,1.0,351247999.0,,,48.275862068965516,,65.38461538461539,56.830238726790455,,
2,10,Animal Husbandry and Veterinary Department,other,-0.1879368140017799,-0.29837616635352604,-0.11697375927024621,34.0,0.06481481481481481,7.0,108.0,13.0,0.00819672131147541,1.0,122.0,0.039603960396039604,0.0,0.0,0.013201320132013201,101.0,0.38760757728410317,340478862.99,52.0,131972187.2,20.0,53.65853658536586,81.48148148148148,61.111111111111114,16.27906976744186,46.50603978908006,42.08836649090005,47.698122588461025
3,10,Animal Husbandry and Veterinary Department-Externally Aided Project,other,,,,,0.125,2.0,16.0,0.0,0.0,0.0,16.0,,,,,,0.8167242600863958,22797621.78,6.0,18619370.78,,70.73170731707317,39.81481481481482,,39.53488372093023,50.02713528427274,,
4,1,Assam Agricultural University,roads,,-0.09999990259243734,-0.09999990259243734,1.0,,0.0,1.0,0.0,0.0,0.0,1.0,0.0,0.0,0.0,0.0,1.0,1.0,2771859.0,1.0,2771859.0,,,46.875,35.0,83.33333333333334,55.06944444444445,,
4,3,Assam Agricultural University,buildings,-0.1,-0.10000105386170055,-0.09999995962543712,3.0,,0.0,4.0,0.0,0.0,0.0,4.0,0.0,0.0,0.0,0.0,3.0,0.8899757170710247,34928653.0,4.0,31085653.0,35.0,,46.73913043478261,36.25,50.0,41.997282608695656,,
4,4,Assam Agricultural University,schools,-0.09999999419828778,-0.10000000151498917,-0.07079588516823732,13.0,0.08888888888888889,4.0,45.0,20.0,0.0,0.0,65.0,0.0,0.0,0.0,0.0,34.0,0.6092859017814902,401469806.34999996,33.0,244609893.0,54.54545454545454,88.23529411764706,45.714285714285715,42.42424242424242,21.428571428571427,50.46956964604023,51.148883795942616,56.763857057974704
4,6,Assam Agricultural University,water_sanitation,,-0.1,-0.1,1.0,,0.0,2.0,0.0,0.0,0.0,2.0,0.0,0.0,0.0,0.0,2.0,1.0,4236300.0,1.0,4236300.0,,,44.11764705882353,37.93103448275862,76.08695652173914,52.71187935444042,,
4,8,Assam Agricultural University,it_computing,,,,,,0.0,1.0,0.0,0.0,0.0,1.0,,,,,,1.0,1775400.0,1.0,1775400.0,,,50.0,,58.82352941176471,54.411764705882355,,
5,1,Assam Electricity Grid Corporation Ltd,roads,,-0.05599981763039189,-0.05599981763039189,1.0,,0.0,2.0,0.0,0.0,0.0,2.0,0.0,0.0,0.0,0.0,2.0,1.0,4969250.0,1.0,4969250.0,,,46.875,35.0,83.33333333333334,55.06944444444445,,
5,3,Assam Electricity Grid Corporation Ltd,buildings,,-0.026587185441848037,-0.00886239514728268,2.0,,0.0,2.0,3.0,0.0,0.0,5.0,0.0,0.0,0.0,0.0,2.0,1.0,7290566.0,1.0,7290566.0,,,46.73913043478261,36.25,83.92857142857143,55.63923395445135,,
5,7,Assam Electricity Grid Corporation Ltd,electricity_power,-0.05599980986936441,-0.1469065366539557,-0.0011673151750972762,29.0,0.041666666666666664,4.0,96.0,12.0,0.0,0.0,108.0,0.11538461538461539,0.0,0.0,0.038461538461538464,52.0,0.42374457512590014,722688315.5,40.0,306235253.2,71.42857142857143,50.0,44.827586206896555,90.47619047619048,5.555555555555555,52.457580733442796,55.61941251596423,52.04798394453566
5,8,Assam Electricity Grid Corporation Ltd,it_computing,,,,,,0.0,2.0,1.0,0.0,0.0,3.0,,,,,,1.0,1593000.0,1.0,1593000.0,,,50.0,,58.82352941176471,54.411764705882355,,
5,9,Assam Electricity Grid Corporation Ltd,vehicles,,-0.10359792416810602,-0.10359792416810602,1.0,,0.0,3.0,2.0,0.0,0.0,5.0,0.0,0.0,0.0,0.0,5.0,1.0,4535920.0,1.0,4535920.0,,,48.275862068965516,44.73684210526316,65.38461538461539,52.79910651961469,,
6,7,Assam Electricity Grid Corporation Ltd. - Externally Funded Projects,electricity_power,,,,,,0.0,3.0,3.0,0.16666666666666666,1.0,6.0,0.0,0.0,0.0,0.0,1.0,,,,,,,93.10344827586206,38.095238095238095,,65.59934318555008,,
7,10,Assam Home Guards and Civil Defence Organization,other,,,,,,0.0,2.0,1.0,0.0,0.0,3.0,,,,,,1.0,52823214.0,1.0,52823214.0,,,39.81481481481482,,80.23255813953489,60.02368647717485,,
8,9,Assam Inland Water Transport Development Society,vehicles,,,,,,0.0,4.0,1.0,0.2,1.0,5.0,0.0,0.0,0.0,0.0,3.0,,,,,,,96.55172413793103,44.73684210526316,,70.6442831215971,,
9,8,Assam Police,it_computing,,,,,0.0,0.0,8.0,3.0,0.0,0.0,11.0,,,,,,1.0,936834566.0,1.0,936834566.0,,40.0,50.0,,58.82352941176471,49.607843137254896,,
9,9,Assam Police,vehicles,,,,,,0.0,1.0,3.0,0.0,0.0,4.0,,,,,,,,,,,,48.275862068965516,,,48.275862068965516,,
9,10,Assam Police,other,,,,,0.0,0.0,10.0,14.0,0.07692307692307693,2.0,26.0,,,,,,,,,,,15.853658536585366,87.03703703703704,,,51.445347786811205,,
10,1,Assam Police Housing Corporation Ltd,roads,,-0.18000002121169692,-0.18000002121169692,1.0,,1.0,3.0,2.0,0.0,0.0,5.0,0.0,0.0,0.0,0.0,5.0,1.0,3092633.2,1.0,3092633.2,,,46.875,35.0,83.33333333333334,55.06944444444445,,
10,3,Assam Police Housing Corporation Ltd,buildings,-0.06702059643298554,-0.1,-0.0005734233704484137,22.0,0.14285714285714285,10.0,70.0,67.0,0.0,0.0,137.0,0.0,0.014925373134328358,0.0,0.004975124378109453,134.0,0.8291937102973908,1816137838.25,22.0,1505930072.51,50.0,88.0,46.73913043478261,72.5,42.857142857142854,60.019254658385094,58.34937888198756,64.6827122153209
10,4,Assam Police Housing Corporation Ltd,schools,,0.03452736718680281,0.03452736718680281,1.0,,0.0,2.0,0.0,0.0,0.0,2.0,0.0,0.0,0.0,0.0,2.0,1.0,1565111111.0,1.0,1565111111.0,,,45.714285714285715,42.42424242424242,73.21428571428571,53.78427128427128,,
10,6,Assam Police Housing Corporation Ltd,water_sanitation,,,,,,0.0,1.0,3.0,0.0,0.0,4.0,0.0,0.25,0.0,0.08333333333333333,4.0,,,,,,,44.11764705882353,100.0,,72.05882352941177,,
10,7,Assam Police Housing Corporation Ltd,electricity_power,,-0.008385405871381008,-0.006986977718242458,2.0,0.125,3.0,24.0,15.0,0.0,0.0,39.0,0.02564102564102564,0.0,0.0,0.008547008547008546,39.0,1.0,11290315.5,2.0,11290315.5,,67.85714285714286,44.827586206896555,80.95238095238095,72.22222222222221,66.46483305966065,,
10,8,Assam Police Housing Corporation Ltd,it_computing,,,,,,0.0,1.0,0.0,0.0,0.0,1.0,0.0,0.0,0.0,0.0,1.0,,,,,,,50.0,53.84615384615385,,51.92307692307692,,
11,7,Assam Power Distribution Company Limited- Externally Aided Project,electricity_power,-0.1623463034403158,-0.4745984642940942,-0.1374847745322286,6.0,0.0,0.0,24.0,5.0,0.0,0.0,29.0,0.0,0.0,0.0,0.0,6.0,0.7660609615331452,4113171221.6400003,5.0,3150939901.0,42.857142857142854,17.857142857142858,44.827586206896555,38.095238095238095,33.33333333333333,35.39408866995073,36.637931034482754,32.47126436781609
12,1,Assam Power Distribution Company Ltd,roads,,-0.0422364837993643,-0.0422364837993643,1.0,,0.0,1.0,0.0,0.0,0.0,1.0,0.0,0.0,0.0,0.0,1.0,1.0,37658463.64,1.0,37658463.64,,,46.875,35.0,83.33333333333334,55.06944444444445,,
12,3,Assam Power Distribution Company Ltd,buildings,,,,,,0.0,0.0,4.0,0.0,0.0,4.0,,,,,,,,,,,,46.73913043478261,,,46.73913043478261,,
12,4,Assam Power Distribution Company Ltd,schools,-0.04343114574067444,-0.09999992709675208,-0.001759599520218773,65.0,0.33766233766233766,26.0,77.0,26.0,0.0,0.0,103.0,0.0,0.5631067961165048,0.0,0.18770226537216828,103.0,0.23444697344804574,570386552.12,35.0,133725400.84,63.63636363636363,100.0,45.714285714285715,100.0,7.142857142857142,63.2987012987013,63.35497835497835,69.4155844155844
12,5,Assam Power Distribution Company Ltd,health,,-0.20470415438367814,-0.20470415438367814,1.0,0.0,0.0,5.0,3.0,0.0,0.0,8.0,0.0,0.0,0.0,0.0,3.0,0.9341032537793832,174676058.22999996,5.0,163165474.34999996,,28.57142857142857,46.15384615384615,38.88888888888889,60.0,43.4035409035409,,
12,7,Assam Power Distribution Company Ltd,electricity_power,-0.04222770120437527,-0.1,0.01474507148884702,131.0,0.026954177897574125,10.0,371.0,118.0,0.0,0.0,489.0,0.0,0.0,0.007782101167315175,0.0025940337224383916,257.0,0.6197584562712202,59680305050.43,67.0,36987373727.85,100.0,42.857142857142854,44.827586206896555,76.19047619047619,22.22222222222222,57.21948549534757,64.34957124612296,54.82576172231344
12,8,Assam Power Distribution Company Ltd,it_computing,,,,,,0.0,1.0,0.0,0.0,0.0,1.0,,,,,,1.0,3398400.0,1.0,3398400.0,,,50.0,,58.82352941176471,54.411764705882355,,
13,1,Assam Power Generation Company Limited,roads,,,,,,0.0,3.0,0.0,0.0,0.0,3.0,0.3333333333333333,0.0,0.0,0.1111111111111111,3.0,,,,,,,46.875,100.0,,73.4375,,
13,3,Assam Power Generation Company Limited,buildings,,,,,,0.0,2.0,0.0,0.0,0.0,2.0,0.0,0.0,0.0,0.0,2.0,,,,,,,46.73913043478261,36.25,,41.494565217391305,,
13,6,Assam Power Generation Company Limited,water_sanitation,,-0.12958586415204928,-0.07666411629411538,2.0,,0.0,4.0,4.0,0.0,0.0,8.0,0.0,0.0,0.0,0.0,7.0,1.0,7666509.63,2.0,7666509.63,,,44.11764705882353,37.93103448275862,76.08695652173914,52.71187935444042,,
13,7,Assam Power Generation Company Limited,electricity_power,,0.49032685953288213,1.496775619844294,2.0,0.02564102564102564,1.0,39.0,21.0,0.05,3.0,60.0,0.0,0.0,0.0,0.0,16.0,0.5782393005613812,45492996.160000004,10.0,26305838.28,,35.714285714285715,89.65517241379311,38.095238095238095,11.11111111111111,43.64395183360701,,
13,9,Assam Power Generation Company Limited,vehicles,,,,,,0.0,0.0,1.0,0.0,0.0,1.0,,,,,,,,,,,,48.275862068965516,,,48.275862068965516,,
14,3,Assam Power Generation Company Limited APGCL - ADB,buildings,,,,,,0.0,0.0,1.0,0.0,0.0,1.0,0.0,0.0,0.0,0.0,1.0,,,,,,,46.73913043478261,36.25,,41.494565217391305,,
14,7,Assam Power Generation Company Limited APGCL - ADB,electricity_power,,,,,0.2,1.0,5.0,0.0,0.4,2.0,5.0,,,,,,1.0,651759215.23,3.0,651759215.23,,85.71428571428571,100.0,,72.22222222222221,85.97883597883599,,
14,8,Assam Power Generation Company Limited APGCL - ADB,it_computing,,,,,,0.0,1.0,0.0,0.0,0.0,1.0,,,,,,,,,,,,50.0,,,50.0,,
15,10,Assam Public Service Commission,other,,,,,,0.0,1.0,0.0,0.0,0.0,1.0,,,,,,1.0,4.01,1.0,4.01,,,39.81481481481482,,80.23255813953489,60.02368647717485,,
16,4,Assam Science and Technology University,schools,,-0.2217824647323517,-0.2217824647323517,1.0,,0.0,1.0,1.0,0.0,0.0,2.0,0.0,0.0,0.0,0.0,1.0,1.0,4379999.73,1.0,4379999.73,,,45.714285714285715,42.42424242424242,73.21428571428571,53.78427128427128,,
18,10,Assam State Agricultural Marketing Board,other,,,,,,0.0,3.0,8.0,0.0,0.0,11.0,0.0,0.0,0.0,0.0,6.0,,,,,,,39.81481481481482,27.77777777777778,,33.7962962962963,,
19,3,Assam State Disaster Management Authority,buildings,,,,,,0.0,1.0,0.0,0.0,0.0,1.0,,,,,,,,,,,,46.73913043478261,,,46.73913043478261,,
19,6,Assam State Disaster Management Authority,water_sanitation,,,,,,0.0,1.0,0.0,0.0,0.0,1.0,,,,,,,,,,,,44.11764705882353,,,44.11764705882353,,
19,10,Assam State Disaster Management Authority,other,,,,,0.0,0.0,11.0,4.0,0.0,0.0,15.0,,,,,,1.0,13698519.0,3.0,13698519.0,,15.853658536585366,39.81481481481482,,80.23255813953489,45.30034383031168,,
20,4,Assam State Disaster Management Authority- Externally Aided Project,schools,,,,,,0.0,2.0,1.0,0.6666666666666666,2.0,3.0,,,,,,,,,,,,97.14285714285714,,,97.14285714285714,,
21,8,Assam State Transport Corporation,it_computing,,,,,,0.0,1.0,1.0,0.0,0.0,2.0,,,,,,1.0,4795992.0,1.0,4795992.0,,,50.0,,58.82352941176471,54.411764705882355,,
21,9,Assam State Transport Corporation,vehicles,,0.15799999595466815,0.15799999595466815,1.0,0.08333333333333333,1.0,12.0,9.0,0.0,0.0,21.0,0.0,0.0,0.0,0.0,1.0,0.9999920539559235,237320606.56,19.0,237318720.8,,71.42857142857143,48.275862068965516,44.73684210526316,23.076923076923077,46.87954966993079,,
23,3,Axom Sarba Siksha Abhijan Mission,buildings,,,,,,1.0,4.0,1.0,0.0,0.0,5.0,0.0,0.0,0.0,0.0,3.0,,,,,,,46.73913043478261,36.25,,41.494565217391305,,
23,4,Axom Sarba Siksha Abhijan Mission,schools,-0.34516297517098316,-0.47031114107883815,-0.26988242092523484,20.0,0.01282051282051282,1.0,78.0,150.0,0.0,0.0,228.0,0.017045454545454544,0.0,0.0,0.005681818181818181,176.0,0.5552179988782973,1119609534.95,20.0,621627365.52,9.090909090909092,64.70588235294117,45.714285714285715,84.84848484848484,17.857142857142858,44.443340972752736,38.55126899244546,47.820431202784135
23,6,Axom Sarba Siksha Abhijan Mission,water_sanitation,,,,,,1.0,1.0,0.0,0.0,0.0,1.0,0.0,0.0,0.0,0.0,1.0,,,,,,,44.11764705882353,37.93103448275862,,41.02434077079107,,
23,8,Axom Sarba Siksha Abhijan Mission,it_computing,,,,,,0.0,0.0,1.0,0.0,0.0,1.0,0.0,0.0,0.0,0.0,1.0,,,,,,,50.0,53.84615384615385,,51.92307692307692,,
23,9,Axom Sarba Siksha Abhijan Mission,vehicles,,,,,,0.0,1.0,0.0,0.0,0.0,1.0,0.0,0.0,0.0,0.0,1.0,,,,,,,48.275862068965516,44.73684210526316,,46.50635208711434,,
24,3,BODOLAND UNIVERSITY,buildings,-0.00045471326477260064,-0.0006212854139303638,-0.0002240384153179552,5.0,0.0,0.0,5.0,4.0,0.0,0.0,9.0,0.0,0.0,0.0,0.0,9.0,0.8974403622971227,85636681.22,5.0,76853814.22,75.0,26.0,46.73913043478261,36.25,57.14285714285714,48.22639751552795,52.688664596273284,44.52199792960661
24,4,BODOLAND UNIVERSITY,schools,,-0.00019409975655554202,-0.00012100627395283092,2.0,,0.0,2.0,2.0,0.0,0.0,4.0,0.0,0.0,0.0,0.0,4.0,1.0,29669502.75,2.0,29669502.75,,,45.714285714285715,42.42424242424242,73.21428571428571,53.78427128427128,,
25,1,Bodoland Territorial Council,roads,-0.0002627791936411909,-0.005631404896218914,-2.778538160479151e-05,200.0,0.023166023166023165,6.0,259.0,54.0,0.0,0.0,313.0,0.019543973941368076,0.10423452768729642,0.0,0.04125950054288816,307.0,0.16932419407849372,1647391407.46,130.0,278943222.4,81.25,40.0,46.875,93.33333333333333,12.5,54.791666666666664,59.20138888888889,52.32638888888889
25,2,Bodoland Territorial Council,bridges,,-0.0033333333333333335,-0.0033333333333333335,1.0,0.0,0.0,6.0,2.0,0.0,0.0,8.0,0.0,0.0,0.0,0.0,8.0,1.0,2990000.0,1.0,2990000.0,,33.33333333333333,53.84615384615385,45.45454545454545,66.66666666666666,49.82517482517482,,
25,3,Bodoland Territorial Council,buildings,-0.00014254216621527473,-0.008593253347082837,-7.501801898051008e-05,34.0,0.018518518518518517,1.0,54.0,5.0,0.0,0.0,59.0,0.0,0.01818181818181818,0.0,0.006060606060606061,55.0,0.2287109507495277,234349450.10000002,32.0,53598285.54000001,85.0,56.00000000000001,46.73913043478261,76.25,3.571428571428571,53.512111801242234,58.76009316770186,53.92675983436853
25,4,Bodoland Territorial Council,schools,-9.690855338883073e-05,-0.00014611832260256482,-2.7351999999955295e-05,8.0,0.043478260869565216,1.0,23.0,5.0,0.0,0.0,28.0,0.037037037037037035,0.037037037037037035,0.0,0.024691358024691357,27.0,0.6314290584546712,79166305.78,8.0,49987905.92,90.9090909090909,76.47058823529412,45.714285714285715,90.9090909090909,25.0,65.80061115355234,69.98535777947544,67.57894066717596
25,5,Bodoland Territorial Council,health,-3.408936145373494e-05,-8.700535041209514e-05,-2.9079352183613292e-06,7.0,0.0,0.0,16.0,3.0,0.0,0.0,19.0,0.0,0.0,0.0,0.0,14.0,0.7629677720181607,224624871.82999998,8.0,171381538.0,80.0,28.57142857142857,46.15384615384615,38.88888888888889,40.0,46.72283272283272,52.26902726902726,43.69759869759869
25,6,Bodoland Territorial Council,water_sanitation,-0.10000000000000005,-0.5499999999999999,-0.09999999999999996,211.0,0.1783783783783784,33.0,185.0,5.0,0.0,0.0,190.0,0.0,0.02631578947368421,0.0,0.008771929824561403,190.0,0.1159106555318366,1649517421.6100001,149.0,191196645.65,23.076923076923077,86.66666666666667,44.11764705882353,75.86206896551724,4.3478260869565215,46.81422637097741,42.85800915530169,53.456299753592276
25,7,Bodoland Territorial Council,electricity_power,,,,,,0.0,4.0,9.0,0.0,0.0,13.0,0.0,0.0,0.0,0.0,11.0,,,,,,,44.827586206896555,38.095238095238095,,41.46141215106732,,
25,9,Bodoland Territorial Council,vehicles,0.0,-0.00043497172683775554,0.009989094874591058,5.0,0.0,0.0,5.0,1.0,0.0,0.0,6.0,0.16666666666666666,0.0,0.0,0.05555555555555555,6.0,1.0,26634280.0,3.0,26634280.0,50.0,35.714285714285715,48.275862068965516,92.10526315789474,65.38461538461539,58.29600526515228,56.91333772096022,54.53238534000784
25,10,Bodoland Territorial Council,other,-0.0001516833810824753,-0.023980648795086892,-1.2576307778765259e-05,164.0,0.01729106628242075,6.0,347.0,74.0,0.0,0.0,421.0,0.009950248756218905,0.03731343283582089,0.0,0.01575456053067993,402.0,0.12013328733875347,1487495762.57,137.0,178697755.86,90.0,36.58536585365854,39.81481481481482,72.22222222222221,2.3255813953488373,48.18959685720888,55.15799738100739,46.25555835661716
26,1,Bodoland Territorial Council-PWD,roads,-8.273463842985362e-05,-0.00027287975118685216,-7.364677506882843e-06,499.0,0.005474452554744526,3.0,548.0,58.0,0.0,0.0,606.0,0.011705685618729096,0.05852842809364549,0.0,0.023411371237458196,598.0,0.1086279023751645,7020800977.2300005,291.0,762654883.15,87.5,33.33333333333333,46.875,83.33333333333334,4.166666666666666,51.041666666666664,57.11805555555556,48.09027777777777
26,2,Bodoland Territorial Council-PWD,bridges,-0.00022099284604487054,-0.1,-3.8599406305277144e-05,8.0,0.0,0.0,9.0,3.0,0.0,0.0,12.0,0.0,0.0,0.0,0.0,12.0,0.5652456221253463,47786363.03,8.0,27011032.5,100.0,33.33333333333333,53.84615384615385,45.45454545454545,11.11111111111111,48.749028749028746,57.290857290857296,46.17974617974618
26,3,Bodoland Territorial Council-PWD,buildings,-8.668678906899945e-05,-0.00022636856024902356,-8.789406727729892e-06,44.0,0.0,0.0,50.0,7.0,0.0,0.0,57.0,0.0,0.01818181818181818,0.0,0.006060606060606061,55.0,0.3062608490031089,455610524.79999995,41.0,139535666.14,90.0,26.0,46.73913043478261,76.25,7.142857142857142,49.22639751552795,56.02199792960663,45.355331262939956
26,4,Bodoland Territorial Council-PWD,schools,-9.74330702075497e-05,-0.00026969710438152876,-5.947361546200211e-05,28.0,0.0,0.0,35.0,2.0,0.0,0.0,37.0,0.0,0.21621621621621623,0.0,0.07207207207207207,37.0,0.4227796409929471,311716756.3,26.0,131787498.32,81.81818181818183,32.35294117647059,45.714285714285715,96.96969696969697,10.714285714285714,53.51387827858417,58.231262201850434,49.9870554282319
26,5,Bodoland Territorial Council-PWD,health,-8.012825908226882e-05,-0.00013733401039000455,-7.836944484972297e-05,5.0,0.0,0.0,5.0,0.0,0.0,0.0,5.0,0.0,0.0,0.0,0.0,5.0,0.7345106351711862,47540510.74,5.0,34919010.74,60.0,28.57142857142857,46.15384615384615,38.88888888888889,30.0,40.72283272283272,43.935693935693934,38.69759869759869
26,6,Bodoland Territorial Council-PWD,water_sanitation,,-2.3560485392536865e-05,-2.3560485392536865e-05,1.0,,0.0,1.0,0.0,0.0,0.0,1.0,0.0,0.0,0.0,0.0,1.0,1.0,3993456.91,1.0,3993456.91,,,44.11764705882353,37.93103448275862,76.08695652173914,52.71187935444042,,
27,1,Bodoland Territorial Council-WRD,roads,-0.24608879892462374,-0.5500249921504552,-0.17304439879136752,3.0,,0.0,2.0,1.0,0.0,0.0,3.0,0.0,0.0,0.0,0.0,3.0,1.0,144036454.0,3.0,144036454.0,18.75,,46.875,35.0,83.33333333333334,45.989583333333336,,
27,2,Bodoland Territorial Council-WRD,bridges,,-0.0751407804557474,-0.025422322120500027,2.0,,0.0,2.0,1.0,0.0,0.0,3.0,0.0,0.0,0.0,0.0,3.0,1.0,28876195.0,2.0,28876195.0,,,53.84615384615385,45.45454545454545,66.66666666666666,55.32245532245532,,
27,4,Bodoland Territorial Council-WRD,schools,,-0.09999996388701317,-0.09999991388390125,2.0,,0.0,2.0,2.0,0.0,0.0,4.0,0.0,0.0,0.0,0.0,4.0,1.0,16199291.0,2.0,16199291.0,,,45.714285714285715,42.42424242424242,73.21428571428571,53.78427128427128,,
27,6,Bodoland Territorial Council-WRD,water_sanitation,-0.007248572376631481,-0.09999996038443013,-0.00037339424617282,88.0,0.028846153846153848,3.0,104.0,31.0,0.0,0.0,135.0,0.0,0.22962962962962963,0.0,0.07654320987654321,135.0,0.23603750841277865,1221074633.85,48.0,288219414.15999997,92.3076923076923,33.33333333333333,44.11764705882353,96.55172413793103,13.043478260869565,55.870775019729955,61.94359456772367,52.11453473866384
29,10,Chief Minister Secretariat,other,,,,,,1.0,2.0,0.0,0.0,0.0,2.0,,,,,,,,,,,,39.81481481481482,,,39.81481481481482,,
31,1,Cooperation Department,roads,,,,,,0.0,1.0,0.0,0.0,0.0,1.0,,,,,,,,,,,,46.875,,,46.875,,
31,3,Cooperation Department,buildings,,-0.001087781978672254,-0.001087781978672254,1.0,0.0,0.0,6.0,3.0,0.0,0.0,9.0,0.0,0.0,0.0,0.0,9.0,1.0,14833330.0,1.0,14833330.0,,26.0,46.73913043478261,36.25,83.92857142857143,48.22942546583851,,
31,7,Cooperation Department,electricity_power,,,,,,0.0,2.0,0.0,0.0,0.0,2.0,,,,,,1.0,22872814.0,2.0,22872814.0,,,44.827586206896555,,72.22222222222221,58.524904214559385,,
31,8,Cooperation Department,it_computing,,,,,,0.0,3.0,0.0,0.0,0.0,3.0,,,,,,1.0,547402.0,1.0,547402.0,,,50.0,,58.82352941176471,54.411764705882355,,
31,10,Cooperation Department,other,-0.05,-0.05,-0.04,3.0,0.01694915254237288,1.0,59.0,28.0,0.0,0.0,87.0,0.0,0.0,0.0,0.0,24.0,0.5279593757679644,212681136.52999997,27.0,112287000.08,52.5,34.146341463414636,39.81481481481482,27.77777777777778,23.25581395348837,35.49894960189912,38.332458001582594,35.27351491215171
32,4,Cotton University,schools,,-0.15160752195600266,-0.13466115040707372,2.0,0.0,0.0,5.0,0.0,0.0,0.0,5.0,0.0,0.0,0.0,0.0,2.0,1.0,23105948.68,2.0,23105948.68,,32.35294117647059,45.714285714285715,42.42424242424242,73.21428571428571,48.42643875732111,,
33,10,Department of Cultural Affairs,other,,-0.0007499964252043513,-0.0002499988084014504,2.0,0.6097560975609756,25.0,41.0,19.0,0.03333333333333333,2.0,60.0,0.017857142857142856,0.0,0.0,0.005952380952380952,56.0,1.0,61660269.41,3.0,61660269.41,,100.0,85.18518518518519,55.55555555555556,80.23255813953489,80.24332472006891,,
34,10,Department of Fisheries,other,,,,,0.0,0.0,6.0,5.0,0.0,0.0,11.0,0.0,0.0,0.0,0.0,10.0,,,,,,15.853658536585366,39.81481481481482,27.77777777777778,,27.815417043059323,,
35,3,Department of Handloom Textile and Sericulture,buildings,-0.1,-0.135,-0.015000006364563598,3.0,0.0,0.0,5.0,0.0,0.0,0.0,5.0,0.0,0.0,0.0,0.0,4.0,1.0,47886039.0,3.0,47886039.0,35.0,26.0,46.73913043478261,36.25,83.92857142857143,45.58354037267081,43.819616977225664,42.319616977225664
35,10,Department of Handloom Textile and Sericulture,other,,-0.9997457627118644,-0.9997457627118644,2.0,0.0,0.0,7.0,22.0,0.0,0.0,29.0,0.0,0.0,0.0,0.0,15.0,1.0,1334700.0,3.0,1334700.0,,15.853658536585366,39.81481481481482,27.77777777777778,80.23255813953489,40.91970231717821,,
36,3,Department of Higher Education,buildings,,,,,,0.0,1.0,0.0,0.0,0.0,1.0,,,,,,,,,,,,46.73913043478261,,,46.73913043478261,,
36,4,Department of Higher Education,schools,,-0.20013712152109928,-0.20013712152109928,1.0,,0.0,2.0,0.0,0.0,0.0,2.0,0.0,0.0,0.0,0.0,2.0,1.0,8423200.0,1.0,8423200.0,,,45.714285714285715,42.42424242424242,73.21428571428571,53.78427128427128,,
37,1,Department of Housing and Urban Affairs,roads,-0.1,-0.1,-0.05012981567347873,3.0,0.0,0.0,7.0,3.0,0.0,0.0,10.0,0.0,0.1,0.0,0.03333333333333333,10.0,1.0,92050958.0,3.0,92050958.0,40.625,16.666666666666664,46.875,86.66666666666667,83.33333333333334,54.83333333333333,52.46527777777777,48.472222222222214
37,3,Department of Housing and Urban Affairs,buildings,-0.0002265903327680891,-0.0006444444444444444,-0.00010520115705500973,7.0,0.16666666666666666,3.0,18.0,13.0,0.0,0.0,31.0,0.0,0.06451612903225806,0.0,0.02150537634408602,31.0,0.9218004103241528,613044585.0,6.0,565104750.0,80.0,96.0,46.73913043478261,87.5,60.71428571428571,74.19068322981367,75.15890269151139,77.82556935817804
37,4,Department of Housing and Urban Affairs,schools,,,,,,0.0,1.0,0.0,0.0,0.0,1.0,0.0,0.0,0.0,0.0,1.0,,,,,,,45.714285714285715,42.42424242424242,,44.069264069264065,,
37,6,Department of Housing and Urban Affairs,water_sanitation,-0.1,-0.1,-0.007936997234604164,16.0,0.047619047619047616,1.0,21.0,5.0,0.0,0.0,26.0,0.0,0.0,0.0,0.0,26.0,0.6931856348200215,170994725.0,14.0,118531087.0,42.30769230769231,53.333333333333336,44.11764705882353,37.93103448275862,30.434782608695656,41.62489795826069,41.738697016499295,43.57630385410613
37,7,Department of Housing and Urban Affairs,electricity_power,,-8.941527955612462e-05,-8.941527955612462e-05,1.0,,0.0,1.0,0.0,0.0,0.0,1.0,0.0,0.0,0.0,0.0,1.0,1.0,18742324.0,1.0,18742324.0,,,44.827586206896555,38.095238095238095,72.22222222222221,51.71501550811896,,
37,8,Department of Housing and Urban Affairs,it_computing,,-0.020125348086010044,-0.007791010244424691,2.0,,0.0,2.0,0.0,0.0,0.0,2.0,0.0,0.0,0.0,0.0,2.0,1.0,15742108.0,1.0,15742108.0,,,50.0,53.84615384615385,58.82352941176471,54.223227752639524,,
37,9,Department of Housing and Urban Affairs,vehicles,,,,,,0.0,1.0,1.0,0.0,0.0,2.0,0.0,0.0,0.0,0.0,2.0,,,,,,,48.275862068965516,44.73684210526316,,46.50635208711434,,
37,10,Department of Housing and Urban Affairs,other,-0.000543308803488689,-0.03441456995777662,-0.00010843326884223058,35.0,0.06521739130434782,3.0,46.0,21.0,0.0,0.0,67.0,0.0,0.11940298507462686,0.0,0.03980099502487562,67.0,0.42469478099656255,1556653238.0,30.0,661102506.0,85.0,56.09756097560976,39.81481481481482,94.44444444444444,20.930232558139537,59.25741055860171,63.54784213216809,58.73076896143639
38,10,Department of Labour and Welfare,other,,,,,0.375,3.0,8.0,4.0,0.0,0.0,12.0,0.0,0.0,0.0,0.0,1.0,1.0,629388462.7,2.0,629388462.7,,95.1219512195122,39.81481481481482,27.77777777777778,80.23255813953489,60.73677548790992,,
39,3,Department of Science and Technology,buildings,,,,,,0.0,1.0,0.0,0.0,0.0,1.0,0.0,0.0,0.0,0.0,1.0,,,,,,,46.73913043478261,36.25,,41.494565217391305,,
39,7,Department of Science and Technology,electricity_power,,,,,,0.0,1.0,1.0,0.0,0.0,2.0,,,,,,,,,,,,44.827586206896555,,,44.827586206896555,,
39,10,Department of Science and Technology,other,,,,,0.16666666666666666,1.0,6.0,2.0,0.125,1.0,8.0,0.0,0.0,0.0,0.0,1.0,1.0,11743437.0,2.0,11743437.0,,80.48780487804879,90.74074074074075,27.77777777777778,80.23255813953489,69.80972038402555,,
40,1,Department of Tourism,roads,,,,,,0.0,1.0,1.0,0.0,0.0,2.0,0.0,0.0,0.0,0.0,1.0,,,,,,,46.875,35.0,,40.9375,,
40,3,Department of Tourism,buildings,,0.1307955972704534,0.1307955972704534,1.0,0.0,0.0,5.0,15.0,0.0,0.0,20.0,0.0,0.0,0.0,0.0,20.0,1.0,465650319.0,1.0,465650319.0,,26.0,46.73913043478261,36.25,83.92857142857143,48.22942546583851,,
40,6,Department of Tourism,water_sanitation,,,,,,0.0,0.0,1.0,0.0,0.0,1.0,0.0,0.0,0.0,0.0,1.0,,,,,,,44.11764705882353,37.93103448275862,,41.02434077079107,,
40,10,Department of Tourism,other,0.3119357142857143,0.1251185866505449,0.43596785714285713,6.0,0.04,1.0,25.0,36.0,0.0,0.0,61.0,0.0,0.0,0.0,0.0,43.0,0.9988250948306978,671633780.0,8.0,670844674.0,95.0,43.90243902439025,39.81481481481482,27.77777777777778,58.139534883720934,52.926913300140754,59.93909441678396,51.422834254182334
41,1,Department of Water Resources,roads,-0.0999999959677408,-0.10004998575475037,-0.09999999457437021,13.0,0.041666666666666664,1.0,24.0,7.0,0.0,0.0,31.0,0.0,0.06451612903225806,0.0,0.02150537634408602,31.0,0.465051535927905,906538963.19,13.0,421587337.21000004,56.25,53.333333333333336,46.875,80.0,20.833333333333336,51.458333333333336,52.256944444444436,51.770833333333336
41,2,Department of Water Resources,bridges,,-0.09999994166641389,-0.09999982499924166,2.0,0.2,1.0,5.0,1.0,0.0,0.0,6.0,0.0,0.0,0.0,0.0,6.0,1.0,20200642.0,2.0,20200642.0,,91.66666666666666,53.84615384615385,45.45454545454545,66.66666666666666,64.40850815850814,,
41,3,Department of Water Resources,buildings,-0.10002493905227934,-0.10004994306356423,-0.07649788250756823,4.0,0.0,0.0,8.0,5.0,0.0,0.0,13.0,0.0,0.0,0.0,0.0,13.0,0.8967172726942704,52402496.15,4.0,46990223.43,25.0,26.0,46.73913043478261,36.25,53.57142857142857,37.512111801242234,35.426759834368525,35.5934265010352
41,4,Department of Water Resources,schools,,-0.09999999514296996,-0.09999999514296996,1.0,,0.0,1.0,3.0,0.0,0.0,4.0,0.0,0.0,0.0,0.0,4.0,1.0,74119369.0,1.0,74119369.0,,,45.714285714285715,42.42424242424242,73.21428571428571,53.78427128427128,,
41,5,Department of Water Resources,health,,-0.08504423453363126,-0.05503271135351927,2.0,,0.0,2.0,0.0,0.0,0.0,2.0,0.0,0.0,0.0,0.0,2.0,1.0,401832619.05,2.0,401832619.05,,,46.15384615384615,38.88888888888889,90.0,58.34757834757835,,
41,6,Department of Water Resources,water_sanitation,-0.09999999673621454,-0.10004995974218446,-0.09999996998796407,336.0,0.09966216216216216,59.0,592.0,172.0,0.006527415143603133,5.0,766.0,0.0,0.042440318302387266,0.006631299734748011,0.016357206012378427,754.0,0.15646550902793663,18337847817.04,172.0,2869240693.17,61.53846153846154,66.66666666666666,88.23529411764706,79.3103448275862,8.695652173913043,60.8892838648549,60.99748014378933,61.8521809984902
41,9,Department of Water Resources,vehicles,,,,,,0.0,0.0,1.0,0.0,0.0,1.0,0.0,0.0,0.0,0.0,1.0,,,,,,,48.275862068965516,44.73684210526316,,46.50635208711434,,
42,6,Department of Water Resources-Externally Aided Project,water_sanitation,,,,,,0.0,3.0,0.0,0.0,0.0,3.0,,,,,,,,,,,,44.11764705882353,,,44.11764705882353,,
43,3,Dibrugarh University,buildings,,,,,,0.0,1.0,0.0,0.0,0.0,1.0,,,,,,1.0,12930800.0,1.0,12930800.0,,,46.73913043478261,,83.92857142857143,65.33385093167702,,
43,4,Dibrugarh University,schools,,-0.06873396768807263,-0.00620190306421806,2.0,0.0,0.0,11.0,10.0,0.0,0.0,21.0,0.0,0.0,0.0,0.0,7.0,0.8042144375394408,43983112.4,6.0,35371854.0,,32.35294117647059,45.714285714285715,42.42424242424242,28.57142857142857,37.26572447160682,,
44,3,Director- Fire and Emergency Services-Assam,buildings,-0.09506220367251408,-0.12000290350113155,-0.013894276769457856,14.0,0.0,0.0,17.0,0.0,0.0,0.0,17.0,0.0,0.0,0.0,0.0,15.0,0.5203804439909896,266250837.44,10.0,138551729.0,45.0,26.0,46.73913043478261,36.25,17.857142857142858,34.369254658385096,36.14104554865424,32.97437888198757
44,9,Director- Fire and Emergency Services-Assam,vehicles,,-0.15999025609749593,-0.15999025609749593,1.0,,0.0,1.0,0.0,0.0,0.0,1.0,0.0,0.0,0.0,0.0,1.0,1.0,2834544.0,1.0,2834544.0,,,48.275862068965516,44.73684210526316,65.38461538461539,52.79910651961469,,
44,10,Director- Fire and Emergency Services-Assam,other,,-0.12360728108843169,-0.0908165011035513,2.0,0.0,0.0,7.0,0.0,0.0,0.0,7.0,0.0,0.0,0.0,0.0,7.0,1.0,74049170.0,2.0,74049170.0,,15.853658536585366,39.81481481481482,27.77777777777778,80.23255813953489,40.91970231717821,,
45,1,Directorate of Agriculture and Assam Seed Corporation,roads,,,,,,0.0,2.0,2.0,0.0,0.0,4.0,0.0,0.0,0.0,0.0,4.0,,,,,,,46.875,35.0,,40.9375,,
45,3,Directorate of Agriculture and Assam Seed Corporation,buildings,-0.2119,-0.2552933774999999,-0.15212820955607376,64.0,0.042682926829268296,7.0,164.0,45.0,0.0,0.0,209.0,0.0,0.0,0.0,0.0,209.0,0.34271490960466194,271971277.84000003,36.0,93208611.9,15.0,64.0,46.73913043478261,36.25,10.714285714285714,34.540683229813666,31.283902691511386,39.45056935817805
45,4,Directorate of Agriculture and Assam Seed Corporation,schools,-0.1485500027383358,-0.17555325287634305,-0.11609242092866665,66.0,0.041666666666666664,5.0,120.0,3.0,0.0,0.0,123.0,0.0,0.0,0.0,0.0,122.0,0.15019215557954443,529377441.14,43.0,79508339.0,18.181818181818183,70.58823529411765,45.714285714285715,42.42424242424242,3.571428571428571,36.09600203717851,33.11030472795179,41.8447075800017
45,6,Directorate of Agriculture and Assam Seed Corporation,water_sanitation,,-0.13201443985772687,-0.13201443985772687,1.0,,0.0,3.0,3.0,0.0,0.0,6.0,0.0,0.0,0.0,0.0,6.0,1.0,2613600.0,1.0,2613600.0,,,44.11764705882353,37.93103448275862,76.08695652173914,52.71187935444042,,
45,7,Directorate of Agriculture and Assam Seed Corporation,electricity_power,,,,,,0.0,2.0,1.0,0.0,0.0,3.0,,,,,,,,,,,,44.827586206896555,,,44.827586206896555,,
45,8,Directorate of Agriculture and Assam Seed Corporation,it_computing,,,,,,0.0,1.0,1.0,0.0,0.0,2.0,,,,,,,,,,,,50.0,,,50.0,,
45,10,Directorate of Agriculture and Assam Seed Corporation,other,-0.10990000034726774,-0.1519160002020874,-0.07100011190981435,5.0,0.0625,4.0,64.0,22.0,0.0,0.0,86.0,0.022727272727272728,0.022727272727272728,0.0,0.015151515151515152,44.0,0.5557817268276695,56640851.04,17.0,31479950.0,35.0,50.0,39.81481481481482,69.44444444444444,25.581395348837212,43.96813092161929,42.47344243468274,44.97344243468274
46,8,Directorate of Forensic Science Assam,it_computing,,,,,,0.0,1.0,0.0,0.0,0.0,1.0,,,,,,1.0,3045000.0,1.0,3045000.0,,,50.0,,58.82352941176471,54.411764705882355,,
46,9,Directorate of Forensic Science Assam,vehicles,,,,,,0.0,2.0,0.0,0.0,0.0,2.0,,,,,,1.0,25504407.0,1.0,25504407.0,,,48.275862068965516,,65.38461538461539,56.830238726790455,,
46,10,Directorate of Forensic Science Assam,other,,,,,0.2222222222222222,2.0,9.0,1.0,0.0,0.0,10.0,,,,,,1.0,2200000.0,1.0,2200000.0,,90.2439024390244,39.81481481481482,,80.23255813953489,70.09709179779136,,
47,3,Directorate of Horticulture Assam,buildings,,,,,,0.0,0.0,1.0,0.0,0.0,1.0,0.0,0.0,0.0,0.0,1.0,,,,,,,46.73913043478261,36.25,,41.494565217391305,,
47,6,Directorate of Horticulture Assam,water_sanitation,,,,,,0.0,1.0,0.0,0.0,0.0,1.0,,,,,,,,,,,,44.11764705882353,,,44.11764705882353,,
47,7,Directorate of Horticulture Assam,electricity_power,,,,,,0.0,1.0,0.0,0.0,0.0,1.0,,,,,,,,,,,,44.827586206896555,,,44.827586206896555,,
47,8,Directorate of Horticulture Assam,it_computing,,,,,,0.0,1.0,0.0,0.0,0.0,1.0,,,,,,,,,,,,50.0,,,50.0,,
47,9,Directorate of Horticulture Assam,vehicles,,,,,,1.0,2.0,1.0,0.0,0.0,3.0,,,,,,,,,,,,48.275862068965516,,,48.275862068965516,,
47,10,Directorate of Horticulture Assam,other,,,,,0.0,0.0,12.0,3.0,0.0,0.0,15.0,0.0,0.0,0.0,0.0,1.0,,,,,,15.853658536585366,39.81481481481482,27.77777777777778,,27.815417043059323,,
48,8,Directorate of Land Records and Survey etc. Assam,it_computing,,,,,,0.0,1.0,0.0,0.0,0.0,1.0,,,,,,1.0,4163423.5,1.0,4163423.5,,,50.0,,58.82352941176471,54.411764705882355,,
48,10,Directorate of Land Records and Survey etc. Assam,other,,,,,0.0,0.0,8.0,3.0,0.09090909090909091,1.0,11.0,,,,,,1.0,135265577.6,3.0,135265577.6,,15.853658536585366,88.88888888888889,,80.23255813953489,61.65836852166971,,
49,3,Directorate of Sports and Youth Welfare - Assam,buildings,,-0.15743832259396032,-0.11386026734615107,2.0,,1.0,3.0,0.0,0.0,0.0,3.0,0.0,0.0,0.0,0.0,2.0,1.0,6013877.17,2.0,6013877.17,,,46.73913043478261,36.25,83.92857142857143,55.63923395445135,,
49,4,Directorate of Sports and Youth Welfare - Assam,schools,,-0.030666666666666665,-0.030666666666666665,1.0,,1.0,2.0,0.0,0.0,0.0,2.0,0.0,0.0,0.0,0.0,2.0,1.0,15857324.0,1.0,15857324.0,,,45.714285714285715,42.42424242424242,73.21428571428571,53.78427128427128,,
49,7,Directorate of Sports and Youth Welfare - Assam,electricity_power,-0.20102408209712969,-0.23153391238016677,-0.2006392980718411,3.0,,0.0,3.0,0.0,0.0,0.0,3.0,0.0,0.0,0.0,0.0,3.0,1.0,10158260.0,2.0,10158260.0,28.57142857142857,,44.827586206896555,38.095238095238095,72.22222222222221,45.92911877394636,,
49,9,Directorate of Sports and Youth Welfare - Assam,vehicles,,,,,,1.0,1.0,0.0,0.0,0.0,1.0,,,,,,,,,,,,48.275862068965516,,,48.275862068965516,,
49,10,Directorate of Sports and Youth Welfare - Assam,other,-0.01934982456140351,-0.24934402992776056,-0.012888171201723232,3.0,0.3333333333333333,8.0,24.0,6.0,0.0,0.0,30.0,0.0,0.18181818181818182,0.0,0.06060606060606061,11.0,0.9578644151218692,637932144.0,6.0,611052500.0,70.0,92.6829268292683,39.81481481481482,100.0,51.162790697674424,70.73210646835152,70.61008872362626,74.39057652850431
50,4,Elementary Education Department,schools,,-0.9999929013333333,-0.9999929013333333,1.0,0.15384615384615385,2.0,13.0,9.0,0.045454545454545456,1.0,22.0,0.0,0.0,0.0,0.0,9.0,1.0,425.92,1.0,425.92,,94.11764705882352,91.42857142857143,42.42424242424242,73.21428571428571,75.29618665648077,,
50,7,Elementary Education Department,electricity_power,,,,,,0.0,0.0,3.0,0.0,0.0,3.0,,,,,,,,,,,,44.827586206896555,,,44.827586206896555,,
50,8,Elementary Education Department,it_computing,,,,,,0.0,1.0,2.0,0.0,0.0,3.0,,,,,,,,,,,,50.0,,,50.0,,
52,10,Finance Department,other,,,,,,0.0,1.0,0.0,0.0,0.0,1.0,,,,,,,,,,,,39.81481481481482,,,39.81481481481482,,
53,3,Finance Department - World Bank Tenders,buildings,,,,,,0.0,1.0,0.0,0.5,1.0,2.0,,,,,,,,,,,,100.0,,,100.0,,
53,8,Finance Department - World Bank Tenders,it_computing,,,,,0.4,2.0,5.0,1.0,0.0,0.0,6.0,,,,,,1.0,84499661.25999999,2.0,84499661.25999999,,100.0,50.0,,58.82352941176471,69.6078431372549,,
53,10,Finance Department - World Bank Tenders,other,,0.0502,0.0502,1.0,0.16666666666666666,4.0,24.0,4.0,0.2647058823529412,9.0,34.0,0.0,0.0,0.0,0.0,1.0,0.6979334024304401,193821873.16,11.0,135274759.4,,80.48780487804879,96.29629629629629,27.77777777777778,32.55813953488372,59.280004621751644,,
54,1,Food Civil Supplies and Consumer Affairs Department,roads,-0.9944148936170212,-0.9964864155783582,-0.9919600775193798,60.0,0.13559322033898305,8.0,59.0,0.0,0.0,0.0,59.0,0.0,0.0,0.0,0.0,59.0,0.9309287342092677,35543.0,6.0,33088.0,6.25,93.33333333333333,46.875,35.0,58.333333333333336,47.95833333333333,41.00694444444444,55.52083333333333
54,8,Food Civil Supplies and Consumer Affairs Department,it_computing,,,,,,0.0,1.0,0.0,0.0,0.0,1.0,,,,,,1.0,2331520.0,1.0,2331520.0,,,50.0,,58.82352941176471,54.411764705882355,,
54,10,Food Civil Supplies and Consumer Affairs Department,other,-0.9998758029978587,-0.9999093504639543,-0.9998102187904524,60.0,0.05,4.0,80.0,6.0,0.0,0.0,86.0,0.09523809523809523,0.0,0.0,0.031746031746031744,63.0,0.9132151990006476,115318974.22999999,31.0,105311040.0,5.0,46.34146341463415,39.81481481481482,88.88888888888889,48.837209302325576,45.77647528413269,38.98039607011057,45.8706399725496
55,10,Gauhati High Court - Guwahati,other,,,,,0.0,0.0,6.0,0.0,0.0,0.0,6.0,,,,,,1.0,154197211.2,2.0,154197211.2,,15.853658536585366,39.81481481481482,,80.23255813953489,45.30034383031168,,
56,1,Gauhati University,roads,,-0.10104145778907112,-0.10104145778907112,1.0,,0.0,4.0,0.0,0.0,0.0,4.0,0.0,0.0,0.0,0.0,4.0,1.0,17134335.0,1.0,17134335.0,,,46.875,35.0,83.33333333333334,55.06944444444445,,
56,3,Gauhati University,buildings,-0.23500416885493017,-0.25356725493761595,-0.1739756161378988,3.0,0.0,0.0,5.0,1.0,0.0,0.0,6.0,0.0,0.16666666666666666,0.0,0.05555555555555555,6.0,1.0,76632891.0,3.0,76632891.0,5.0,26.0,46.73913043478261,97.5,83.92857142857143,51.83354037267081,44.02795031055901,47.52795031055901
56,4,Gauhati University,schools,-0.13120405751829448,-0.1400483315531796,-0.10926754812419645,4.0,0.0,0.0,7.0,0.0,0.0,0.0,7.0,0.0,0.0,0.0,0.0,7.0,0.9014127004962084,48376850.0,4.0,43607507.0,27.27272727272727,32.35294117647059,45.714285714285715,42.42424242424242,39.285714285714285,37.40998217468806,35.72043969102792,36.56714200831848
56,7,Gauhati University,electricity_power,,,,,,1.0,3.0,0.0,0.0,0.0,3.0,0.6666666666666666,0.0,0.0,0.2222222222222222,3.0,,,,,,,44.827586206896555,100.0,,72.41379310344828,,
57,3,General Administration Department,buildings,,,,,0.0,0.0,5.0,0.0,0.0,0.0,5.0,0.0,0.0,0.0,0.0,5.0,,,,,,26.0,46.73913043478261,36.25,,36.32971014492754,,
57,4,General Administration Department,schools,,,,,,0.0,1.0,0.0,0.0,0.0,1.0,0.0,0.0,0.0,0.0,1.0,,,,,,,45.714285714285715,42.42424242424242,,44.069264069264065,,
57,6,General Administration Department,water_sanitation,,,,,,0.0,0.0,1.0,0.0,0.0,1.0,0.0,0.0,0.0,0.0,1.0,,,,,,,44.11764705882353,37.93103448275862,,41.02434077079107,,
57,7,General Administration Department,electricity_power,-0.10349998090872858,-0.13757499886645572,-0.09227500041762152,8.0,0.1,1.0,10.0,7.0,0.0,0.0,17.0,0.11764705882352941,0.0,0.0,0.0392156862745098,17.0,0.6626306253084852,27386367.860000003,7.0,18147046.060000002,57.14285714285714,57.14285714285714,44.827586206896555,95.23809523809523,27.77777777777778,56.42583470169677,56.545338441890166,56.545338441890166
57,8,General Administration Department,it_computing,,,,,,0.0,0.0,1.0,0.0,0.0,1.0,0.0,0.0,0.0,0.0,1.0,,,,,,,50.0,53.84615384615385,,51.92307692307692,,
57,10,General Administration Department,other,-0.1085,-0.1085,-0.05499999999999995,9.0,0.1111111111111111,2.0,18.0,5.0,0.0,0.0,23.0,0.09090909090909091,0.0,0.0,0.030303030303030304,22.0,0.6689498984541845,62853668.26,11.0,42045955.0,40.0,67.07317073170732,39.81481481481482,86.11111111111111,27.906976744186046,52.18121468036386,50.15101223363654,54.663207355587765
58,1,Guwahati Metropolitan Development Authority,roads,,,,,0.25,2.0,8.0,2.0,0.0,0.0,10.0,0.0,0.0,0.0,0.0,10.0,,,,,,100.0,46.875,35.0,,60.625,,
58,2,Guwahati Metropolitan Development Authority,bridges,,,,,,0.0,0.0,1.0,0.0,0.0,1.0,0.0,0.0,0.0,0.0,1.0,,,,,,,53.84615384615385,45.45454545454545,,49.65034965034965,,
58,3,Guwahati Metropolitan Development Authority,buildings,,,,,,0.0,2.0,5.0,0.0,0.0,7.0,0.0,0.0,0.0,0.0,1.0,,,,,,,46.73913043478261,36.25,,41.494565217391305,,
58,6,Guwahati Metropolitan Development Authority,water_sanitation,-0.09999989005515933,-0.09999992309492695,-0.05019692840895246,3.0,0.0,0.0,17.0,14.0,0.0,0.0,31.0,0.0,0.0,0.0,0.0,24.0,1.0,11238957.0,3.0,11238957.0,69.23076923076923,16.666666666666664,44.11764705882353,37.93103448275862,76.08695652173914,48.806614792151436,52.21064053192106,43.4499567712373
58,7,Guwahati Metropolitan Development Authority,electricity_power,,-0.012293790059892824,-0.012293790059892824,1.0,,0.0,1.0,2.0,0.0,0.0,3.0,0.0,0.0,0.0,0.0,3.0,1.0,18800000.0,1.0,18800000.0,,,44.827586206896555,38.095238095238095,72.22222222222221,51.71501550811896,,
58,8,Guwahati Metropolitan Development Authority,it_computing,,,,,,0.0,1.0,1.0,0.0,0.0,2.0,,,,,,,,,,,,50.0,,,50.0,,
58,9,Guwahati Metropolitan Development Authority,vehicles,,,,,,0.0,1.0,1.0,0.0,0.0,2.0,,,,,,,,,,,,48.275862068965516,,,48.275862068965516,,
58,10,Guwahati Metropolitan Development Authority,other,,0.04287610619469027,0.04287610619469027,1.0,0.0,0.0,28.0,14.0,0.0,0.0,42.0,0.0,0.10344827586206896,0.0,0.034482758620689655,29.0,0.9835329916850446,42938582.8,4.0,42231512.8,,15.853658536585366,39.81481481481482,91.66666666666666,55.81395348837209,50.78727337660973,,
59,1,Guwahati Municipal Corporation,roads,-0.1,-0.1264,-0.1,8.0,0.0639269406392694,14.0,219.0,175.0,0.0,0.0,394.0,0.11235955056179775,0.003745318352059925,0.0,0.03870162297128589,267.0,0.7274230043260607,51178200.0,7.0,37228200.0,40.625,60.0,46.875,90.0,33.33333333333333,54.166666666666664,51.90972222222222,55.138888888888886
59,2,Guwahati Municipal Corporation,bridges,,,,,0.2,1.0,5.0,7.0,0.0,0.0,12.0,0.0,0.0,0.0,0.0,4.0,,,,,,91.66666666666666,53.84615384615385,45.45454545454545,,63.65578865578865,,
59,3,Guwahati Municipal Corporation,buildings,,,,,0.15384615384615385,2.0,13.0,23.0,0.0,0.0,36.0,0.0,0.09090909090909091,0.0,0.030303030303030304,11.0,,,,,,92.0,46.73913043478261,92.5,,77.07971014492755,,
59,4,Guwahati Municipal Corporation,schools,,-0.108,-0.108,1.0,0.0,0.0,7.0,2.0,0.0,0.0,9.0,0.0,0.0,0.0,0.0,7.0,1.0,17661600.0,1.0,17661600.0,,32.35294117647059,45.714285714285715,42.42424242424242,73.21428571428571,48.42643875732111,,
59,6,Guwahati Municipal Corporation,water_sanitation,-0.18470028761590299,-0.23400039588888027,-0.16535048393970975,31.0,0.12949640287769784,18.0,139.0,55.0,0.0,0.0,194.0,0.15306122448979592,0.0,0.0,0.05102040816326531,98.0,0.6551908866817328,102196365.0,19.0,66958127.0,15.384615384615385,80.0,44.11764705882353,93.10344827586206,26.08695652173913,51.738533448208024,45.67954710427591,56.44877787350668
59,7,Guwahati Municipal Corporation,electricity_power,,-0.061,-0.061,1.0,0.125,1.0,8.0,2.0,0.0,0.0,10.0,0.0,0.0,0.0,0.0,4.0,1.0,27201000.0,2.0,27201000.0,,67.85714285714286,44.827586206896555,38.095238095238095,72.22222222222221,55.750547345374926,,
59,9,Guwahati Municipal Corporation,vehicles,,,,,,0.0,0.0,3.0,0.0,0.0,3.0,0.0,0.0,0.0,0.0,3.0,,,,,,,48.275862068965516,44.73684210526316,,46.50635208711434,,
59,10,Guwahati Municipal Corporation,other,-0.19049999997258926,-0.27875,-0.11140000006049718,8.0,0.07096774193548387,11.0,155.0,112.0,0.0,0.0,267.0,0.14482758620689656,0.006896551724137931,0.0,0.05057471264367817,145.0,0.7659370966901357,202470190.32,6.0,155079429.74,15.0,60.97560975609756,39.81481481481482,97.22222222222221,34.883720930232556,49.57927354467343,43.81606128722785,51.478662913244115
60,1,Guwahati Smart City Ltd.,roads,,-0.4284885366476372,-0.4284885366476372,1.0,,0.0,2.0,0.0,0.0,0.0,2.0,0.0,0.0,0.0,0.0,2.0,1.0,233168911.35,1.0,233168911.35,,,46.875,35.0,83.33333333333334,55.06944444444445,,
60,3,Guwahati Smart City Ltd.,buildings,,-0.16000000000000006,-0.16000000000000006,1.0,,0.0,1.0,3.0,0.0,0.0,4.0,0.0,0.0,0.0,0.0,3.0,1.0,143230127.04,1.0,143230127.04,,,46.73913043478261,36.25,83.92857142857143,55.63923395445135,,
60,6,Guwahati Smart City Ltd.,water_sanitation,,,,,,0.0,0.0,1.0,0.0,0.0,1.0,0.0,0.0,0.0,0.0,1.0,,,,,,,44.11764705882353,37.93103448275862,,41.02434077079107,,
60,7,Guwahati Smart City Ltd.,electricity_power,,-0.2876628920194672,-0.2876628920194672,1.0,,0.0,2.0,0.0,0.0,0.0,2.0,0.0,0.0,0.0,0.0,1.0,1.0,149204000.0,2.0,149204000.0,,,44.827586206896555,38.095238095238095,72.22222222222221,51.71501550811896,,
60,10,Guwahati Smart City Ltd.,other,-0.16868971505376348,-0.30982108333333336,-0.13344441050847455,9.0,0.17647058823529413,3.0,17.0,2.0,0.0,0.0,19.0,0.0,0.0,0.0,0.0,18.0,0.9040434454247133,4808987139.570001,9.0,4347533302.66,25.0,85.36585365853658,39.81481481481482,27.77777777777778,46.51162790697674,44.894014831621185,41.57834569301765,51.63932130277375
61,3,Health and Family Welfare Department,buildings,,,,,,0.0,1.0,3.0,0.0,0.0,4.0,,,,,,1.0,3090.0,1.0,3090.0,,,46.73913043478261,,83.92857142857143,65.33385093167702,,
61,5,Health and Family Welfare Department,health,-0.8665669230769231,-0.985290084954751,-0.6676796615384615,7.0,0.06310679611650485,13.0,206.0,95.0,0.016611295681063124,5.0,301.0,0.02857142857142857,0.02857142857142857,0.0,0.019047619047619046,35.0,0.6117445823725305,269651802.98,57.0,164958029.6,20.0,85.71428571428571,92.3076923076923,100.0,20.0,63.604395604395606,56.336996336996336,67.28937728937728
61,8,Health and Family Welfare Department,it_computing,,,,,0.0,0.0,5.0,2.0,0.0,0.0,7.0,0.0,0.0,0.0,0.0,1.0,0.9997136637464991,10386390.0,4.0,10383416.0,,40.0,50.0,53.84615384615385,11.76470588235294,38.90271493212669,,
61,9,Health and Family Welfare Department,vehicles,,,,,,0.0,0.0,2.0,0.0,0.0,2.0,1.0,0.0,0.0,0.3333333333333333,1.0,,,,,,,48.275862068965516,100.0,,74.13793103448276,,
62,4,Higher Education (Technical) Department,schools,,,,,,0.0,3.0,0.0,0.0,0.0,3.0,0.0,0.0,0.0,0.0,1.0,,,,,,,45.714285714285715,42.42424242424242,,44.069264069264065,,
63,10,Hill Areas Department,other,,,,,,0.0,0.0,3.0,0.0,0.0,3.0,0.0,0.0,0.0,0.0,1.0,,,,,,,39.81481481481482,27.77777777777778,,33.7962962962963,,
64,10,Home B,other,0.81354,0.6152500000000001,1.0431629166666667,7.0,0.0700218818380744,32.0,457.0,202.0,0.0,0.0,659.0,0.05405405405405406,0.0,0.0,0.018018018018018018,37.0,0.3865465357169095,478586021.75,59.0,184995768.75,100.0,58.536585365853654,39.81481481481482,77.77777777777779,13.953488372093023,58.01653326610786,65.01377772175654,58.10320861606548
65,10,Indigenous and Tribal Faith and Culture Department,other,,,,,0.0,0.0,10.0,0.0,0.0,0.0,10.0,0.0,0.0,0.0,0.0,10.0,,,,,,15.853658536585366,39.81481481481482,27.77777777777778,,27.815417043059323,,
66,1,Industries and Commerce Department,roads,-0.1,-0.15000000163763472,-0.04999999999999998,7.0,0.034482758620689655,1.0,29.0,10.0,0.15384615384615385,6.0,39.0,0.047619047619047616,0.0,0.0,0.015873015873015872,21.0,0.7003363593784198,46491859.61,8.0,32559939.7,40.625,46.666666666666664,96.875,76.66666666666667,29.166666666666668,58.0,55.10416666666666,56.1111111111111
66,2,Industries and Commerce Department,bridges,,-0.17873061366866091,-0.12624353788955364,2.0,,0.0,3.0,0.0,0.0,0.0,3.0,0.0,0.0,0.0,0.0,3.0,1.0,5132345.4,2.0,5132345.4,,,53.84615384615385,45.45454545454545,66.66666666666666,55.32245532245532,,
66,3,Industries and Commerce Department,buildings,-0.1294839520491975,-0.21000063738011274,-0.1,9.0,0.023809523809523808,1.0,42.0,10.0,0.057692307692307696,3.0,52.0,0.0,0.0,0.0,0.0,30.0,0.6278913019820664,154625765.58,11.0,97088173.27,20.0,60.0,95.65217391304348,36.25,25.0,47.3804347826087,42.817028985507235,49.48369565217391
66,6,Industries and Commerce Department,water_sanitation,,-0.15962395839021298,-0.11987465279673766,2.0,0.07692307692307693,1.0,13.0,5.0,0.05555555555555555,1.0,18.0,0.0,0.0,0.0,0.0,9.0,0.9688330641730069,15737832.0,4.0,15247332.0,,60.0,97.05882352941177,37.93103448275862,47.82608695652174,60.70398624217303,,
66,7,Industries and Commerce Department,electricity_power,,-0.06575046245352109,-0.06575046245352109,1.0,0.0,0.0,9.0,4.0,0.3076923076923077,4.0,13.0,0.0,0.0,0.0,0.0,6.0,1.0,1850000.0,1.0,1850000.0,,17.857142857142858,96.55172413793103,38.095238095238095,72.22222222222221,56.181581828133545,,
66,8,Industries and Commerce Department,it_computing,,,,,0.2,1.0,5.0,6.0,0.0,0.0,11.0,,,,,,1.0,15931510.4,1.0,15931510.4,,80.0,50.0,,58.82352941176471,62.94117647058823,,
66,9,Industries and Commerce Department,vehicles,,-0.6532992802759934,-0.38193487786501706,2.0,,0.0,4.0,0.0,0.25,1.0,4.0,0.0,0.0,0.0,0.0,3.0,1.0,1083712.0,2.0,1083712.0,,,100.0,44.73684210526316,65.38461538461539,70.04048582995951,,
66,10,Industries and Commerce Department,other,-0.1650002491404654,-0.37134725833938564,0.0030864197530864196,59.0,0.09570957095709572,29.0,303.0,114.0,0.30787589498806683,129.0,419.0,0.0425531914893617,0.0070921985815602835,0.0,0.016548463356973995,141.0,0.35986721268741634,1878076065.76,116.0,675857999.0,30.0,63.41463414634146,98.14814814814815,75.0,11.627906976744185,55.63813785424675,51.36511487853897,56.93422056959588
67,3,Information - Public Relations - Printing and Stationery Department,buildings,,,,,0.0,0.0,5.0,1.0,0.0,0.0,6.0,0.0,0.0,0.0,0.0,6.0,,,,,,26.0,46.73913043478261,36.25,,36.32971014492754,,
67,8,Information - Public Relations - Printing and Stationery Department,it_computing,,,,,,0.0,0.0,1.0,0.0,0.0,1.0,0.0,0.0,0.0,0.0,1.0,,,,,,,50.0,53.84615384615385,,51.92307692307692,,
67,10,Information - Public Relations - Printing and Stationery Department,other,,-0.999930409090909,-0.999930409090909,1.0,0.0,0.0,9.0,3.0,0.0,0.0,12.0,0.0,0.0,0.0,0.0,5.0,1.0,106.05,2.0,106.05,,15.853658536585366,39.81481481481482,27.77777777777778,80.23255813953489,40.91970231717821,,
68,10,Information and Public Relations Department,other,-0.7754702433333333,-0.87132885711802,-0.3882116216666666,3.0,0.14285714285714285,2.0,14.0,4.0,0.0,0.0,18.0,0.0,0.0,0.0,0.0,12.0,0.9584912044600603,71178056.64,5.0,68223541.24,10.0,73.17073170731707,39.81481481481482,27.77777777777778,53.48837209302325,40.85033927858659,35.70861606548881,46.23707135004167
69,9,Inland Water Transport,vehicles,,,,,0.30434782608695654,7.0,23.0,49.0,0.0,0.0,72.0,0.0,0.0,0.0,0.0,65.0,0.42065470212506456,35805077.0,22.0,15061574.0,,100.0,48.275862068965516,44.73684210526316,7.6923076923076925,50.17625296663409,,
70,1,Irrigation Department,roads,,,,,,0.0,1.0,0.0,0.0,0.0,1.0,0.0,0.0,0.0,0.0,1.0,,,,,,,46.875,35.0,,40.9375,,
70,3,Irrigation Department,buildings,,,,,,0.0,2.0,0.0,0.0,0.0,2.0,0.0,0.0,0.0,0.0,2.0,,,,,,,46.73913043478261,36.25,,41.494565217391305,,
70,6,Irrigation Department,water_sanitation,-0.1,-0.5661841476283201,-0.05000000000000003,188.0,0.1902439024390244,39.0,205.0,47.0,0.0,0.0,252.0,0.04938271604938271,0.01646090534979424,0.0,0.021947873799725653,243.0,0.25501138970661913,1734617542.02,121.0,442347230.0,42.30769230769231,93.33333333333333,44.11764705882353,86.20689655172413,17.391304347826086,56.67137471987987,54.277427651181945,62.781701155455444
70,7,Irrigation Department,electricity_power,-0.0499999979074888,-0.1,0.0,12.0,0.23809523809523808,5.0,21.0,1.0,0.0,0.0,22.0,0.0,0.0,0.0,0.0,21.0,0.5918293735631743,128208675.32,12.0,75877660.0,85.71428571428571,92.85714285714286,44.827586206896555,38.095238095238095,16.666666666666664,55.632183908045974,60.64586754241926,61.83634373289546
71,1,Karbi Anglong Autonomous Council,roads,0.22966308785639528,0.22500288827422169,0.229929842705762,17.0,0.0,0.0,20.0,6.0,0.0,0.0,26.0,0.0,0.0,0.0,0.0,26.0,0.47876170494081854,176226360.9,12.0,84370433.0,100.0,16.666666666666664,46.875,35.0,25.0,44.70833333333333,53.92361111111111,40.034722222222214
71,3,Karbi Anglong Autonomous Council,buildings,,,,,,0.0,0.0,3.0,0.0,0.0,3.0,0.0,0.0,0.0,0.0,1.0,,,,,,,46.73913043478261,36.25,,41.494565217391305,,
71,4,Karbi Anglong Autonomous Council,schools,,,,,,0.0,1.0,0.0,0.0,0.0,1.0,0.0,0.0,0.0,0.0,1.0,,,,,,,45.714285714285715,42.42424242424242,,44.069264069264065,,
71,10,Karbi Anglong Autonomous Council,other,,0.2299172904321704,0.2299172904321704,1.0,,0.0,4.0,5.0,0.0,0.0,9.0,0.0,0.0,0.0,0.0,3.0,1.0,10509000.0,1.0,10509000.0,,,39.81481481481482,27.77777777777778,80.23255813953489,49.2750502440425,,
72,5,Medical Education and Research Department- Externally Aided Project,health,,,,,,0.0,1.0,0.0,0.0,0.0,1.0,,,,,,,,,,,,46.15384615384615,,,46.15384615384615,,
72,10,Medical Education and Research Department- Externally Aided Project,other,,,,,,0.0,1.0,0.0,0.0,0.0,1.0,,,,,,,,,,,,39.81481481481482,,,39.81481481481482,,
74,3,National Health Mission,buildings,,,,,,0.0,0.0,92.0,0.0,0.0,92.0,0.0,0.0,0.0,0.0,92.0,,,,,,,46.73913043478261,36.25,,41.494565217391305,,
74,4,National Health Mission,schools,,,,,,0.0,1.0,0.0,1.0,1.0,1.0,0.0,0.0,0.0,0.0,1.0,,,,,,,100.0,42.42424242424242,,71.21212121212122,,
74,5,National Health Mission,health,-0.03749999258157073,-0.12143419076578418,-0.0005515519392170494,204.0,0.022388059701492536,18.0,804.0,863.0,0.01859628074385123,31.0,1667.0,0.0112079701120797,0.00311332503113325,0.0,0.004773765047737651,1606.0,0.32733934757410144,4582400530.57,136.0,1500000000.0,40.0,71.42857142857143,100.0,77.77777777777779,10.0,59.84126984126984,56.534391534391524,61.772486772486765
74,8,National Health Mission,it_computing,,,,,,0.0,0.0,1.0,0.0,0.0,1.0,,,,,,,,,,,,50.0,,,50.0,,
74,9,National Health Mission,vehicles,,,,,,1.0,3.0,3.0,0.0,0.0,6.0,0.0,0.0,0.0,0.0,2.0,,,,,,,48.275862068965516,44.73684210526316,,46.50635208711434,,
75,10,Office of the Chief Electoral Officer Assam,other,,,,,0.1111111111111111,1.0,9.0,1.0,0.0,0.0,10.0,,,,,,1.0,174026424.6,3.0,174026424.6,,67.07317073170732,39.81481481481482,,80.23255813953489,62.37351456201901,,
76,10,Office of the Chief Minister,other,,,,,,0.0,0.0,1.0,0.0,0.0,1.0,,,,,,,,,,,,39.81481481481482,,,39.81481481481482,,
77,10,Pollution Control Board,other,,,,,0.16666666666666666,1.0,6.0,2.0,0.25,2.0,8.0,,,,,,1.0,21501036.0,3.0,21501036.0,,80.48780487804879,94.44444444444444,,80.23255813953489,85.05493582067605,,
78,1,Pr. Chief Conservator of Forest and Head of Forest Force,roads,-0.1,-0.10000001165629141,-0.07499999999999998,7.0,0.1,1.0,10.0,8.0,0.0,0.0,18.0,0.0,0.0,0.0,0.0,18.0,0.953346530724925,91633056.80000001,4.0,87358056.80000001,40.625,86.66666666666667,46.875,35.0,62.5,54.333333333333336,52.048611111111114,59.72222222222222
78,2,Pr. Chief Conservator of Forest and Head of Forest Force,bridges,,-0.049999995010691356,-0.049999995010691356,1.0,0.0,0.0,10.0,3.0,0.0,0.0,13.0,0.0,0.0,0.0,0.0,13.0,1.0,26657000.14,1.0,26657000.14,,33.33333333333333,53.84615384615385,45.45454545454545,66.66666666666666,49.82517482517482,,
78,3,Pr. Chief Conservator of Forest and Head of Forest Force,buildings,-0.05,-0.0500000670590965,-0.04999999999999995,9.0,0.0,0.0,14.0,6.0,0.0,0.0,20.0,0.0,0.0,0.0,0.0,20.0,0.6057576164489925,35337435.17,7.0,21405920.5,60.0,26.0,46.73913043478261,36.25,21.428571428571427,38.08354037267081,41.736283643892335,36.069616977225664
78,6,Pr. Chief Conservator of Forest and Head of Forest Force,water_sanitation,-0.050815400000000024,-0.0508155,-0.02548320000000001,7.0,0.1111111111111111,1.0,9.0,4.0,0.0,0.0,13.0,0.0,0.0,0.0,0.0,13.0,1.0,1686442.9,1.0,1686442.9,84.61538461538461,73.33333333333333,44.11764705882353,37.93103448275862,76.08695652173914,63.216871202407845,66.78329010457064,64.90294822422875
78,7,Pr. Chief Conservator of Forest and Head of Forest Force,electricity_power,,,,,0.5,3.0,6.0,5.0,0.0,0.0,11.0,0.0,0.0,0.0,0.0,11.0,,,,,,100.0,44.827586206896555,38.095238095238095,,60.974274767378226,,
78,9,Pr. Chief Conservator of Forest and Head of Forest Force,vehicles,,,,,,0.0,1.0,0.0,0.0,0.0,1.0,0.0,0.0,0.0,0.0,1.0,,,,,,,48.275862068965516,44.73684210526316,,46.50635208711434,,
78,10,Pr. Chief Conservator of Forest and Head of Forest Force,other,-0.05000000000000005,-0.09999999999999996,-0.04024999992979364,50.0,0.1650485436893204,34.0,206.0,149.0,0.005633802816901409,2.0,355.0,0.030864197530864196,0.012345679012345678,0.0,0.014403292181069957,324.0,0.2824082472656052,376453761.6,36.0,106313646.99,45.0,75.60975609756098,79.62962962962963,66.66666666666666,6.976744186046512,54.77655931598076,53.14713276331729,58.24875877957746
79,3,Principal Secretary- P and RD- Assam Secretariat,buildings,-0.1,-0.13505,-0.059745371163359026,11.0,0.0,0.0,27.0,0.0,0.0,0.0,27.0,0.1111111111111111,0.0,0.0,0.037037037037037035,27.0,0.7242267618141282,65761587.67,7.0,47626301.69,35.0,26.0,46.73913043478261,95.0,35.714285714285715,47.69068322981367,45.57556935817804,44.07556935817804
79,4,Principal Secretary- P and RD- Assam Secretariat,schools,,-0.12878875800429235,-0.08456521900157335,2.0,,0.0,4.0,1.0,0.0,0.0,5.0,0.0,0.0,0.0,0.0,4.0,1.0,14654010.33,2.0,14654010.33,,,45.714285714285715,42.42424242424242,73.21428571428571,53.78427128427128,,
79,6,Principal Secretary- P and RD- Assam Secretariat,water_sanitation,,-0.04996710945802338,-0.049901328374070145,2.0,,0.0,2.0,0.0,0.0,0.0,2.0,0.0,0.0,0.0,0.0,2.0,1.0,7320369.0,1.0,7320369.0,,,44.11764705882353,37.93103448275862,76.08695652173914,52.71187935444042,,
79,7,Principal Secretary- P and RD- Assam Secretariat,electricity_power,,,,,,0.0,2.0,2.0,0.0,0.0,4.0,0.0,0.0,0.0,0.0,1.0,,,,,,,44.827586206896555,38.095238095238095,,41.46141215106732,,
79,8,Principal Secretary- P and RD- Assam Secretariat,it_computing,,,,,,0.0,0.0,2.0,0.0,0.0,2.0,0.0,0.0,0.0,0.0,1.0,,,,,,,50.0,53.84615384615385,,51.92307692307692,,
79,10,Principal Secretary- P and RD- Assam Secretariat,other,-0.049999973001241406,-0.060000013226775645,-0.012499943187757644,18.0,0.0625,3.0,48.0,15.0,0.0,0.0,63.0,0.0,0.021739130434782608,0.0,0.007246376811594203,46.0,0.3559097479770679,283354361.80999994,36.0,100848579.5,60.0,50.0,39.81481481481482,58.333333333333336,9.30232558139535,43.4900947459087,46.24174562159058,44.57507895492392
80,1,Principal Secretary-Department of Information Technology,roads,,,,,,0.0,0.0,2.0,0.0,0.0,2.0,,,,,,,,,,,,46.875,,,46.875,,
80,4,Principal Secretary-Department of Information Technology,schools,,,,,,0.0,0.0,3.0,0.0,0.0,3.0,,,,,,,,,,,,45.714285714285715,,,45.714285714285715,,
80,8,Principal Secretary-Department of Information Technology,it_computing,,-0.09994623664324145,-0.09994623664324145,1.0,0.0,0.0,28.0,20.0,0.020833333333333332,1.0,48.0,0.0,0.0,0.0,0.0,2.0,0.8156218356434309,127578493.43,7.0,104055805.0,,40.0,100.0,53.84615384615385,5.88235294117647,49.932126696832576,,
82,3,Public Health Engineering Department,buildings,,-0.09147124565103264,-0.07439802017265656,2.0,,0.0,3.0,0.0,0.0,0.0,3.0,0.0,0.0,0.0,0.0,3.0,1.0,25410245.0,2.0,25410245.0,,,46.73913043478261,36.25,83.92857142857143,55.63923395445135,,
82,5,Public Health Engineering Department,health,,-0.1,-0.1,1.0,,0.0,1.0,0.0,0.0,0.0,1.0,0.0,0.0,0.0,0.0,1.0,1.0,3413700.0,1.0,3413700.0,,,46.15384615384615,38.88888888888889,90.0,58.34757834757835,,
82,6,Public Health Engineering Department,water_sanitation,-0.9953539793897597,-0.9985786436084862,-0.1,24.0,0.03669724770642202,4.0,109.0,31.0,0.014285714285714285,2.0,140.0,0.06666666666666667,0.0,0.0,0.022222222222222223,45.0,0.8047971574935127,2450700194.0,17.0,1972316550.0,7.6923076923076925,46.666666666666664,91.17647058823529,89.65517241379311,39.130434782608695,54.86421042872229,47.00222663931986,53.497953135046345
83,1,Public Works Building and NH Department,roads,-0.00030247756272109124,-0.0005213800171746444,-1.3903036095656717e-05,9.0,0.0,0.0,25.0,7.0,0.0,0.0,32.0,0.0,0.0,0.0,0.0,31.0,0.7529670929642043,148593086.0,6.0,111885704.0,75.0,16.666666666666664,46.875,35.0,37.5,42.20833333333333,47.673611111111114,37.951388888888886
83,2,Public Works Building and NH Department,bridges,,0.06999982761097544,0.06999982761097544,1.0,,0.0,1.0,0.0,0.0,0.0,1.0,0.0,0.0,0.0,0.0,1.0,1.0,116379200.0,1.0,116379200.0,,,53.84615384615385,45.45454545454545,66.66666666666666,55.32245532245532,,
83,3,Public Works Building and NH Department,buildings,-1.6447445316850015e-05,-0.058181818181818196,0.06736022292677492,368.0,0.043235704323570434,31.0,717.0,160.0,0.0011402508551881414,1.0,877.0,0.0070838252656434475,0.020070838252656435,0.0011806375442739079,0.009445100354191263,847.0,0.35545544869915197,18910638957.99,266.0,6721889656.0,100.0,68.0,93.47826086956522,80.0,14.285714285714285,71.1527950310559,75.9606625258799,70.62732919254657
83,4,Public Works Building and NH Department,schools,-0.002632740521076626,-0.11900818876057687,0.04000008253644113,140.0,0.082010582010582,31.0,378.0,66.0,0.0,0.0,444.0,0.0,0.029748283752860413,0.0,0.009916094584286805,437.0,0.4273965736624319,3819191777.82,95.0,1632309480.0,72.72727272727273,82.35294117647058,45.714285714285715,87.87878787878788,14.285714285714285,60.59180035650623,62.61437908496732,64.21865715983363
83,5,Public Works Building and NH Department,health,0.015999126391269693,-0.01806909339512322,0.0768041662179658,43.0,0.009433962264150943,1.0,106.0,18.0,0.0,0.0,124.0,0.0,0.017241379310344827,0.0,0.005747126436781609,116.0,0.9290198451764734,9598879890.78,34.0,8917549910.0,100.0,57.14285714285714,46.15384615384615,88.88888888888889,50.0,68.43711843711844,73.69759869759868,66.55474155474154
83,6,Public Works Building and NH Department,water_sanitation,0.036297045563990195,-8.819007301484429e-05,0.04699999771591236,5.0,0.0,0.0,5.0,3.0,0.0,0.0,8.0,0.0,0.0,0.0,0.0,8.0,0.9634832245932764,158297883.25,5.0,152517355.0,100.0,16.666666666666664,44.11764705882353,37.93103448275862,43.47826086956522,48.43872181556281,57.032268179635665,43.14337929074678
83,7,Public Works Building and NH Department,electricity_power,-0.23079908279024025,-0.5114097512268183,-0.0005637095772753031,5.0,0.0,0.0,11.0,1.0,0.0,0.0,12.0,0.0,0.0,0.0,0.0,12.0,0.8458457009455669,186065625.0,5.0,157382809.0,14.285714285714285,17.857142857142858,44.827586206896555,38.095238095238095,38.88888888888889,30.790914066776132,28.04004743659916,28.635285531837255
83,8,Public Works Building and NH Department,it_computing,,,,,,2.0,4.0,1.0,0.0,0.0,5.0,0.0,0.0,0.0,0.0,5.0,,,,,,,50.0,53.84615384615385,,51.92307692307692,,
83,9,Public Works Building and NH Department,vehicles,0.05480601646900291,0.03702012622131868,0.10212455172643717,4.0,0.0,0.0,6.0,1.0,0.0,0.0,7.0,0.0,0.0,0.0,0.0,7.0,0.9643493700020438,76118739.0,4.0,73405058.0,100.0,35.714285714285715,48.275862068965516,44.73684210526316,15.384615384615385,48.82232105462596,57.35193421218828,46.637648497902575
84,1,Public Works Roads Department,roads,-0.04999997321201559,-0.1,-8.953879798898358e-05,966.0,0.06422018348623854,196.0,3052.0,655.0,0.0,0.0,3707.0,0.001998001998001998,0.029637029637029636,0.001998001998001998,0.01121101121101121,3003.0,0.13797132567972695,43939026536.01,849.0,6062325740.25,62.5,66.66666666666666,46.875,73.33333333333333,8.333333333333332,51.541666666666664,53.36805555555555,54.06249999999999
84,2,Public Works Roads Department,bridges,-0.0500641774611398,-0.1,-0.00055563,13.0,0.041666666666666664,2.0,48.0,11.0,0.0,0.0,59.0,0.0,0.0,0.023809523809523808,0.007936507936507936,42.0,0.7367689940500252,577535557.87,14.0,425510292.0,50.0,66.66666666666666,53.84615384615385,90.9090909090909,22.22222222222222,56.72882672882673,55.6073556073556,58.38513338513337
84,3,Public Works Roads Department,buildings,-0.05999999839829982,-0.07750000000000001,-0.037696508911468835,4.0,0.1111111111111111,2.0,18.0,6.0,0.0,0.0,24.0,0.0,0.045454545454545456,0.0,0.015151515151515152,22.0,0.9382022844143734,186212643.8,5.0,174705127.8,55.00000000000001,84.0,46.73913043478261,85.0,64.28571428571429,67.00496894409937,65.00414078674947,69.83747412008282
84,4,Public Works Roads Department,schools,,,,,,0.0,3.0,0.0,0.0,0.0,3.0,0.0,0.0,0.0,0.0,2.0,1.0,8764200.0,1.0,8764200.0,,,45.714285714285715,42.42424242424242,73.21428571428571,53.78427128427128,,
84,6,Public Works Roads Department,water_sanitation,-0.1,-0.1,-0.00023767377579250412,18.0,0.03125,1.0,32.0,2.0,0.0,0.0,34.0,0.0,0.0,0.0,0.0,34.0,0.4230581229818849,1323188892.0,17.0,559785809.0,42.30769230769231,40.0,44.11764705882353,37.93103448275862,21.73913043478261,37.219100856811416,38.06719943195822,37.68258404734284
84,7,Public Works Roads Department,electricity_power,,-0.0375017115409069,-0.01250503247872968,2.0,0.16666666666666666,1.0,6.0,4.0,0.0,0.0,10.0,0.0,0.1,0.0,0.03333333333333333,10.0,1.0,38252536.0,2.0,38252536.0,,78.57142857142857,44.827586206896555,85.71428571428571,72.22222222222221,70.33388067870827,,
84,9,Public Works Roads Department,vehicles,,-0.0375318782171468,-0.012595799735550736,2.0,,0.0,2.0,0.0,0.0,0.0,2.0,0.0,0.0,0.0,0.0,2.0,1.0,9133382.5,2.0,9133382.5,,,48.275862068965516,44.73684210526316,65.38461538461539,52.79910651961469,,
85,1,Public Works Roads Department-Externally Aided Project,roads,-0.14819569248324063,-0.20734861926360726,-0.07000321115647506,37.0,0.06493506493506493,10.0,154.0,9.0,0.006134969325153374,1.0,163.0,0.00625,0.0125,0.0,0.006250000000000001,160.0,0.8859208115847378,16646519466.699999,26.0,14747498036.0,25.0,73.33333333333333,93.75,70.0,45.83333333333333,61.58333333333333,55.48611111111111,63.54166666666666
85,2,Public Works Roads Department-Externally Aided Project,bridges,,,,,,0.0,1.0,0.0,0.0,0.0,1.0,,,,,,,,,,,,53.84615384615385,,,53.84615384615385,,
85,3,Public Works Roads Department-Externally Aided Project,buildings,,,,,0.10526315789473684,2.0,19.0,0.0,0.0,0.0,19.0,0.0,0.0,0.0,0.0,19.0,,,,,,80.0,46.73913043478261,36.25,,54.32971014492754,,
85,6,Public Works Roads Department-Externally Aided Project,water_sanitation,,,,,,0.0,1.0,0.0,0.0,0.0,1.0,0.0,0.0,0.0,0.0,1.0,,,,,,,44.11764705882353,37.93103448275862,,41.02434077079107,,
86,3,Rashtriya Madhyamik Siksha Abhijan,buildings,,,,,,0.0,1.0,0.0,0.0,0.0,1.0,0.0,0.0,0.0,0.0,1.0,,,,,,,46.73913043478261,36.25,,41.494565217391305,,
86,4,Rashtriya Madhyamik Siksha Abhijan,schools,,,,,0.0,0.0,15.0,6.0,0.0,0.0,21.0,0.0,0.0,0.0,0.0,7.0,1.0,966686680.0,1.0,966686680.0,,32.35294117647059,45.714285714285715,42.42424242424242,73.21428571428571,48.42643875732111,,
86,8,Rashtriya Madhyamik Siksha Abhijan,it_computing,,,,,,0.0,1.0,0.0,0.0,0.0,1.0,,,,,,,,,,,,50.0,,,50.0,,
87,4,SECONDARY EDUCATION DEPARTMENT ASSAM,schools,,-0.1869090909090909,-0.1869090909090909,1.0,0.0,0.0,5.0,2.0,0.0,0.0,7.0,0.0,0.0,0.0,0.0,3.0,0.9691828980043683,33423000.0,4.0,32393000.0,,32.35294117647059,45.714285714285715,42.42424242424242,42.857142857142854,40.83715304303539,,
87,8,SECONDARY EDUCATION DEPARTMENT ASSAM,it_computing,,,,,,0.0,0.0,1.0,0.0,0.0,1.0,0.0,0.0,0.0,0.0,1.0,,,,,,,50.0,53.84615384615385,,51.92307692307692,,
88,8,Science Technology and Climate Change Department,it_computing,,,,,,0.0,2.0,0.0,0.0,0.0,2.0,,,,,,1.0,14509754.68,2.0,14509754.68,,,50.0,,58.82352941176471,54.411764705882355,,
88,10,Science Technology and Climate Change Department,other,,,,,,0.0,4.0,1.0,0.0,0.0,5.0,,,,,,1.0,60593524.79,3.0,60593524.79,,,39.81481481481482,,80.23255813953489,60.02368647717485,,
89,6,Secretariat Administration Department,water_sanitation,,-0.1486687638234528,-0.1486687638234528,1.0,,0.0,1.0,0.0,0.0,0.0,1.0,0.0,0.0,0.0,0.0,1.0,1.0,53005920.0,1.0,53005920.0,,,44.11764705882353,37.93103448275862,76.08695652173914,52.71187935444042,,
89,10,Secretariat Administration Department,other,,,,,,0.0,1.0,0.0,0.0,0.0,1.0,,,,,,0.8290417897847193,2369.0,7.0,1964.0,,,39.81481481481482,,41.86046511627907,40.83763996554694,,
90,1,Skill Employment and Entrepreneurship Department,roads,,-0.1098561332121302,-0.1098561332121302,1.0,,0.0,2.0,0.0,0.0,0.0,2.0,0.0,0.0,0.0,0.0,2.0,1.0,5419065.9,1.0,5419065.9,,,46.875,35.0,83.33333333333334,55.06944444444445,,
90,4,Skill Employment and Entrepreneurship Department,schools,-0.10000002006627884,-0.10002499164573564,-0.10000001839803782,3.0,0.0,0.0,10.0,7.0,0.0,0.0,17.0,0.0,0.0,0.0,0.0,3.0,0.8300221142696571,28032293.61,4.0,23267423.61,45.45454545454545,32.35294117647059,45.714285714285715,42.42424242424242,32.142857142857146,39.61777438248027,40.59056956115779,38.406968848145326
90,9,Skill Employment and Entrepreneurship Department,vehicles,,,,,,0.0,0.0,1.0,0.0,0.0,1.0,,,,,,,,,,,,48.275862068965516,,,48.275862068965516,,
91,4,Social Welfare Department,schools,,-0.0016666666666666668,-0.0016666666666666668,1.0,0.0,0.0,6.0,0.0,0.0,0.0,6.0,0.0,0.0,0.0,0.0,4.0,1.0,20665500.0,1.0,20665500.0,,32.35294117647059,45.714285714285715,42.42424242424242,73.21428571428571,48.42643875732111,,
91,6,Social Welfare Department,water_sanitation,,,,,,0.0,1.0,0.0,0.0,0.0,1.0,,,,,,,,,,,,44.11764705882353,,,44.11764705882353,,
91,8,Social Welfare Department,it_computing,,,,,,0.0,1.0,0.0,0.0,0.0,1.0,0.0,0.0,0.0,0.0,1.0,,,,,,,50.0,53.84615384615385,,51.92307692307692,,
91,10,Social Welfare Department,other,-0.028718188185851038,-0.05011671283178108,-0.015598763514413121,3.0,0.0,0.0,12.0,6.0,0.0,0.0,18.0,0.0,0.0,0.0,0.0,7.0,0.8115294771453013,174881894.0,6.0,141921812.0,65.0,15.853658536585366,39.81481481481482,27.77777777777778,37.2093023255814,37.13111069095187,41.775925575793224,33.58486866522412
92,1,Soil Conservation Department,roads,-0.2676415629687711,-0.4926415560196631,-0.042500010423662096,4.0,,0.0,3.0,0.0,0.0,0.0,3.0,0.0,0.0,0.0,0.0,3.0,0.842379743715469,86732627.66,4.0,73061808.66,12.5,,46.875,35.0,41.66666666666667,34.01041666666667,,
92,2,Soil Conservation Department,bridges,,-0.019999999999999924,-0.019999999999999924,1.0,,0.0,1.0,0.0,0.0,0.0,1.0,0.0,1.0,0.0,0.3333333333333333,1.0,1.0,9747873.8,1.0,9747873.8,,,53.84615384615385,100.0,66.66666666666666,73.5042735042735,,
92,3,Soil Conservation Department,buildings,-0.009999999999999978,-0.020000000000000073,-0.009999999999999941,8.0,0.2,2.0,10.0,1.0,0.0,0.0,11.0,0.09090909090909091,0.09090909090909091,0.0,0.06060606060606061,11.0,0.8321107066194648,51834752.68,6.0,43132252.68,70.0,100.0,46.73913043478261,100.0,46.42857142857143,72.63354037267081,72.19461697722568,77.19461697722566
92,4,Soil Conservation Department,schools,-0.12,-0.13645000000000002,-0.06,3.0,,0.0,3.0,0.0,0.0,0.0,3.0,0.0,0.0,0.0,0.0,3.0,1.0,32019467.0,3.0,32019467.0,36.36363636363637,,45.714285714285715,42.42424242424242,73.21428571428571,49.42911255411255,,
92,6,Soil Conservation Department,water_sanitation,-0.1,-0.16,-0.05,5.0,0.0,0.0,6.0,0.0,0.0,0.0,6.0,0.0,0.0,0.0,0.0,6.0,0.7669021011045979,17685702.1,5.0,13563202.1,42.30769230769231,16.666666666666664,44.11764705882353,37.93103448275862,34.78260869565217,35.16112984231866,36.352223586547595,32.07871931304332
92,10,Soil Conservation Department,other,-0.05,-0.12000011459129106,-0.02,114.0,0.03937007874015748,5.0,127.0,3.0,0.0,0.0,130.0,0.0,0.08461538461538462,0.0,0.028205128205128206,130.0,0.2141977647534696,833482772.7800001,79.0,178530146.89000002,52.5,41.46341463414634,39.81481481481482,83.33333333333334,4.651162790697675,44.352545114598435,45.710454262165364,43.87102336785642
94,5,Tea Tribes Welfare Department,health,,,,,,0.0,1.0,0.0,0.0,0.0,1.0,,,,,,,,,,,,46.15384615384615,,,46.15384615384615,,
94,8,Tea Tribes Welfare Department,it_computing,,,,,,0.0,1.0,0.0,0.0,0.0,1.0,,,,,,1.0,6142667.0,1.0,6142667.0,,,50.0,,58.82352941176471,54.411764705882355,,
94,10,Tea Tribes Welfare Department,other,,,,,,0.0,4.0,1.0,0.0,0.0,5.0,0.0,0.0,0.0,0.0,2.0,1.0,59793177.0,2.0,59793177.0,,,39.81481481481482,27.77777777777778,80.23255813953489,49.2750502440425,,
95,10,Transformation and Development Department,other,,,,,,0.0,3.0,0.0,0.3333333333333333,1.0,3.0,,,,,,0.8819615072444541,43418040.0,4.0,38293040.0,,,100.0,,44.18604651162791,72.09302325581396,,
96,1,Transport Department,roads,,-0.011470130588235225,-0.011470130588235225,1.0,,0.0,4.0,2.0,0.0,0.0,6.0,0.0,0.0,0.0,0.0,3.0,0.9254618409472731,27281596.78,4.0,25248076.78,,,46.875,35.0,54.166666666666664,45.34722222222222,,
96,8,Transport Department,it_computing,,,,,,0.0,0.0,2.0,0.0,0.0,2.0,0.0,0.0,0.0,0.0,1.0,,,,,,,50.0,53.84615384615385,,51.92307692307692,,
96,9,Transport Department,vehicles,,,,,0.0,0.0,6.0,3.0,0.0,0.0,9.0,,,,,,1.0,39251576.73,2.0,39251576.73,,35.714285714285715,48.275862068965516,,65.38461538461539,49.791587722622204,,
97,9,Transport Department- Externally Funded Projects,vehicles,,1.4954737477368738,1.4954737477368738,1.0,0.16666666666666666,1.0,6.0,6.0,0.0,0.0,12.0,0.16666666666666666,0.0,0.0,0.05555555555555555,6.0,1.0,2894500000.0,1.0,2894500000.0,,85.71428571428571,48.275862068965516,92.10526315789474,65.38461538461539,72.87000658144034,,
98,6,Urban Affairs Department Externally Aided Project,water_sanitation,,,,,,0.0,4.0,0.0,0.25,1.0,4.0,,,,,,,,,,,,100.0,,,100.0,,
98,10,Urban Affairs Department Externally Aided Project,other,,,,,0.4,2.0,5.0,0.0,0.0,0.0,5.0,,,,,,1.0,863444769.0,2.0,863444769.0,,97.5609756097561,39.81481481481482,,80.23255813953489,72.53611618803527,,
99,1,Urban Development Department,roads,-0.0028247642752359057,-0.03509374491154095,-2.13872239341629e-05,23.0,0.07692307692307693,2.0,26.0,0.0,0.0,0.0,26.0,0.0,0.0,0.0,0.0,26.0,0.4019174927512962,378882440.89000005,22.0,152279480.69,68.75,80.0,46.875,35.0,16.666666666666664,49.45833333333333,52.673611111111114,54.548611111111114
99,3,Urban Development Department,buildings,-0.010017624042297701,-0.055300005728200104,-0.002559888491609264,7.0,0.06666666666666667,1.0,15.0,8.0,0.0,0.0,23.0,0.0,0.0,0.0,0.0,20.0,0.6972053231973045,138871219.25,7.0,96821753.3,65.0,72.0,46.73913043478261,36.25,32.142857142857146,50.42639751552795,52.855331262939956,54.02199792960661
99,6,Urban Development Department,water_sanitation,-0.062302705706870444,-0.10719150181251635,-0.06165135250988706,3.0,0.25,6.0,24.0,22.0,0.021739130434782608,1.0,46.0,0.05,0.0,0.0,0.016666666666666666,40.0,1.0,404593515.08,3.0,404593515.08,76.92307692307693,100.0,94.11764705882352,82.75862068965517,76.08695652173914,85.97726023865894,84.46822968606195,88.31438353221579
99,7,Urban Development Department,electricity_power,,,,,,0.0,2.0,0.0,0.0,0.0,2.0,0.0,0.0,0.0,0.0,2.0,,,,,,,44.827586206896555,38.095238095238095,,41.46141215106732,,
99,8,Urban Development Department,it_computing,,,,,,0.0,4.0,1.0,0.0,0.0,5.0,,,,,,1.0,1368800.0,1.0,1368800.0,,,50.0,,58.82352941176471,54.411764705882355,,
99,9,Urban Development Department,vehicles,,,,,,0.0,0.0,1.0,0.0,0.0,1.0,,,,,,,,,,,,48.275862068965516,,,48.275862068965516,,
99,10,Urban Development Department,other,-0.0020278489970615484,-0.09999999090517848,-2.614755865231962e-05,16.0,0.03636363636363636,2.0,55.0,37.0,0.010869565217391304,1.0,92.0,0.03125,0.03125,0.0,0.020833333333333332,64.0,0.6699100033779307,498924644.81000006,15.0,334234610.49,80.0,39.02439024390244,83.33333333333334,80.55555555555556,30.23255813953488,62.62916745446525,65.52430621205437,58.69503791937144
100,2,Water Resources Department- World Bank Tenders,bridges,,,,,,0.0,1.0,0.0,0.0,0.0,1.0,,,,,,,,,,,,53.84615384615385,,,53.84615384615385,,
100,6,Water Resources Department- World Bank Tenders,water_sanitation,,,,,,0.0,3.0,11.0,0.0,0.0,14.0,0.0,0.0,0.0,0.0,5.0,1.0,5949999.96,1.0,5949999.96,,,44.11764705882353,37.93103448275862,76.08695652173914,52.71187935444042,,
100,8,Water Resources Department- World Bank Tenders,it_computing,,,,,,0.0,0.0,3.0,0.0,0.0,3.0,0.0,0.0,0.0,0.0,3.0,,,,,,,50.0,53.84615384615385,,51.92307692307692,,
101,5,Welfare of Minorities Development Department,health,,,,,,0.0,3.0,0.0,0.0,0.0,3.0,,,,,,,,,,,,46.15384615384615,,,46.15384615384615,,
101,10,Welfare of Minorities Development Department,other,,,,,0.2,1.0,5.0,1.0,0.0,0.0,6.0,0.0,0.0,0.0,0.0,1.0,,,,,,87.8048780487805,39.81481481481482,27.77777777777778,,51.799156880457694,,
102,1,Welfare of Plain Tribes and Backward Classes,roads,0.0,0.0,0.0,5.0,0.0,0.0,10.0,0.0,0.9,9.0,10.0,0.0,0.2,0.0,0.06666666666666667,10.0,0.9040020782595669,51865706.15,4.0,46886706.15,93.75,16.666666666666664,100.0,96.66666666666667,50.0,71.41666666666666,75.13888888888889,62.29166666666666
102,3,Welfare of Plain Tribes and Backward Classes,buildings,-2.2777721915237254e-05,-0.001784666000000015,0.0,42.0,0.008771929824561403,1.0,114.0,13.0,0.25984251968503935,33.0,127.0,0.0,0.0449438202247191,0.0,0.0149812734082397,89.0,0.6286316930195229,948817042.8299999,30.0,596456464.0,95.0,52.0,97.82608695652173,82.5,28.57142857142857,71.17950310559006,75.14958592132504,67.98291925465838
102,4,Welfare of Plain Tribes and Backward Classes,schools,0.0,-0.017012424506524723,0.0,6.0,0.0,0.0,11.0,1.0,0.4166666666666667,5.0,12.0,0.0,0.09090909090909091,0.0,0.030303030303030304,11.0,0.8882417806094052,227032531.91,5.0,201659780.4,100.0,32.35294117647059,94.28571428571428,93.93939393939394,35.714285714285715,71.25846702317291,76.04872251931074,64.77421271538918
102,5,Welfare of Plain Tribes and Backward Classes,health,,,,,,0.0,1.0,0.0,0.0,0.0,1.0,,,,,,1.0,19995000.0,1.0,19995000.0,,,46.15384615384615,,90.0,68.07692307692308,,
102,6,Welfare of Plain Tribes and Backward Classes,water_sanitation,,-0.009997800999999978,-0.009997800999999978,1.0,0.0,0.0,6.0,3.0,0.0,0.0,9.0,0.0,0.0,0.0,0.0,3.0,1.0,19799296.990000002,3.0,19799296.990000002,,16.666666666666664,44.11764705882353,37.93103448275862,76.08695652173914,43.70057618249699,,
102,7,Welfare of Plain Tribes and Backward Classes,electricity_power,,,,,0.0,0.0,7.0,3.0,0.0,0.0,10.0,,,,,,1.0,3241390.0,2.0,3241390.0,,17.857142857142858,44.827586206896555,,72.22222222222221,44.96898376208721,,
102,8,Welfare of Plain Tribes and Backward Classes,it_computing,,,,,,0.0,0.0,2.0,0.0,0.0,2.0,,,,,,,,,,,,50.0,,,50.0,,
102,9,Welfare of Plain Tribes and Backward Classes,vehicles,,,,,0.0,0.0,7.0,0.0,0.0,0.0,7.0,0.0,0.0,0.0,0.0,3.0,,,,,,35.714285714285715,48.275862068965516,44.73684210526316,,42.9089966295048,,
102,10,Welfare of Plain Tribes and Backward Classes,other,-0.0062820422359005194,-0.9285714285714286,0.0,52.0,0.01507537688442211,3.0,199.0,54.0,0.17786561264822134,45.0,253.0,0.0,0.041666666666666664,0.0,0.013888888888888888,96.0,0.39519613647570123,749338226.99,69.0,296135572.22,75.0,31.70731707317073,92.5925925925926,63.888888888888886,18.6046511627907,56.35868994348857,59.46557495290715,52.2501277984356
